playlist_name,playlist_id,playlist_genre,playlist_subgenre,playlist_url
Pop Remix,37i9dQZF1DXcZDD7cfEKhW,pop,dance pop,https://open.spotify.com/playlist/37i9dQZF1DXcZDD7cfEKhW
Dance Pop,37i9dQZF1DWZQaaqNMbbXa,pop,dance pop,https://open.spotify.com/playlist/37i9dQZF1DWZQaaqNMbbXa
Dance Room,37i9dQZF1DX2ENAPP1Tyed,pop,dance pop,https://open.spotify.com/playlist/37i9dQZF1DX2ENAPP1Tyed
Cardio,37i9dQZF1DWSJHnPb1f0X3,pop,dance pop,https://open.spotify.com/playlist/37i9dQZF1DWSJHnPb1f0X3
Dance Pop Hits,37i9dQZF1DX6pH08wMhkaI,pop,dance pop,https://open.spotify.com/playlist/37i9dQZF1DX6pH08wMhkaI
Pop Warmup 130 BPM,37i9dQZF1DX3PIAZMcbo2T,pop,dance pop,https://open.spotify.com/playlist/37i9dQZF1DX3PIAZMcbo2T
Dance Pop: Japan,37i9dQZF1DXahYFr91pFvG,pop,dance pop,https://open.spotify.com/playlist/37i9dQZF1DXahYFr91pFvG
K-Party Dance Mix,37i9dQZF1DX4RDXswvP6Mj,pop,dance pop,https://open.spotify.com/playlist/37i9dQZF1DX4RDXswvP6Mj
Dance Pop,0B2HdP15IucgE0vk3sluJR,pop,dance pop,https://open.spotify.com/playlist/0B2HdP15IucgE0vk3sluJR
Dance Pop Tunes,4SdfG4cPG3skmTiQLozZGh,pop,dance pop,https://open.spotify.com/playlist/4SdfG4cPG3skmTiQLozZGh
Pop / Dance,6mXh8CUBMBsBUu88a4eAQV,pop,dance pop,https://open.spotify.com/playlist/6mXh8CUBMBsBUu88a4eAQV
Todo √âxitos,2ji5tRQVfnhaX1w9FhmSzk,pop,dance pop,https://open.spotify.com/playlist/2ji5tRQVfnhaX1w9FhmSzk
90s Dance Hits,50cXvxgMGrvoUeLhkzCyIO,pop,dance pop,https://open.spotify.com/playlist/50cXvxgMGrvoUeLhkzCyIO
Christian Dance Party,37i9dQZF1DWUUPO0Sbx2CM,pop,dance pop,https://open.spotify.com/playlist/37i9dQZF1DWUUPO0Sbx2CM
Pop Dance Hits,7eERKCkgNKCCx5GYdeMIZf,pop,dance pop,https://open.spotify.com/playlist/7eERKCkgNKCCx5GYdeMIZf
Best of 2019 Dance Pop: Japan,37i9dQZF1DXdOtZGKonFlM,pop,dance pop,https://open.spotify.com/playlist/37i9dQZF1DXdOtZGKonFlM
Ultimate Indie Presents... Best Indie Tracks of the 2010s,37i9dQZF1DWTHM4kX49UKs,pop,dance pop,https://open.spotify.com/playlist/37i9dQZF1DWTHM4kX49UKs
TUNES DANCE AND POP,3arpkhoRWXEYbdCpVAIrRR,pop,dance pop,https://open.spotify.com/playlist/3arpkhoRWXEYbdCpVAIrRR
Pop Ingl√©s (2020 - 2010s)üíô M√∫sica En Ingl√©s 2010s,4QAzO1Z92yqqD6Mf3mOANu,pop,dance pop,https://open.spotify.com/playlist/4QAzO1Z92yqqD6Mf3mOANu
ELETRIC POP & DANCE,7316uT3vVzTidCI8cinBUv,pop,dance pop,https://open.spotify.com/playlist/7316uT3vVzTidCI8cinBUv
Pop - Pop UK - 2019 - Canadian Pop - 2019 - Pop,46Cl6dmeiylK6TRGXr7hHe,pop,post-teen pop,https://open.spotify.com/playlist/46Cl6dmeiylK6TRGXr7hHe
The Sound of Post-Teen Pop,10FCW9lj0NdeoYI5VVvVtY,pop,post-teen pop,https://open.spotify.com/playlist/10FCW9lj0NdeoYI5VVvVtY
Post teen pop,7jQHOrErpLMStcUUSavQWR,pop,post-teen pop,https://open.spotify.com/playlist/7jQHOrErpLMStcUUSavQWR
"post-teen alternative, indie, pop (large variety)",1y42gwI5cuwjBslPyQNfqb,pop,post-teen pop,https://open.spotify.com/playlist/1y42gwI5cuwjBslPyQNfqb
Pop Punk | Post-Hardcore,1YgWQAs1s77NzieIH4ARKn,pop,post-teen pop,https://open.spotify.com/playlist/1YgWQAs1s77NzieIH4ARKn
Post pop teen,222nc9tKxKhfZ2GBrOpwH3,pop,post-teen pop,https://open.spotify.com/playlist/222nc9tKxKhfZ2GBrOpwH3
Intro to Post-Teen Pop,6o6MNYZqHSkMAKcCHPNu7K,pop,post-teen pop,https://open.spotify.com/playlist/6o6MNYZqHSkMAKcCHPNu7K
ü§©ü§™Post Teen Popü§™ü§©,6IT8LGpwLw3Pt2XnVUBN7j,pop,post-teen pop,https://open.spotify.com/playlist/6IT8LGpwLw3Pt2XnVUBN7j
Someone You Loved Lewis Capaldi (Pop Music Mix),6IErGHjBfhey8URq0mFnPi,pop,post-teen pop,https://open.spotify.com/playlist/6IErGHjBfhey8URq0mFnPi
Dr. Q's Prescription Playlistüíä,6jAPdgY9XmxC9cgkXAVmVv,pop,post-teen pop,https://open.spotify.com/playlist/6jAPdgY9XmxC9cgkXAVmVv
a taste of the mainstream,4gbXqmZDUFHqlaYjf4uVyS,pop,post-teen pop,https://open.spotify.com/playlist/4gbXqmZDUFHqlaYjf4uVyS
post teen pop,2ltt5ouiEO301o2jbxn30d,pop,post-teen pop,https://open.spotify.com/playlist/2ltt5ouiEO301o2jbxn30d
BALLARE - ÿ±ŸÇÿµ,1CMvQ4Yr5DlYvYzI0Vc2UE,pop,post-teen pop,https://open.spotify.com/playlist/1CMvQ4Yr5DlYvYzI0Vc2UE
Post Teen Pop,2Aud8PXoTGcyY5esHu4Aaz,pop,post-teen pop,https://open.spotify.com/playlist/2Aud8PXoTGcyY5esHu4Aaz
post teen pop,45AKTTGQEfYgAyidW5hucn,pop,post-teen pop,https://open.spotify.com/playlist/45AKTTGQEfYgAyidW5hucn
post teen pop,6rjxP7GQKoqqgoakzxl3PY,pop,post-teen pop,https://open.spotify.com/playlist/6rjxP7GQKoqqgoakzxl3PY
Post-Teen Pop,6HprqD6WZMx5peClrxaprN,pop,post-teen pop,https://open.spotify.com/playlist/6HprqD6WZMx5peClrxaprN
post teen pop,3kvwJXPULhSUalL6ykJbn5,pop,post-teen pop,https://open.spotify.com/playlist/3kvwJXPULhSUalL6ykJbn5
Post-teen pop,2KyjkYsSsC1UR75b0m98vd,pop,post-teen pop,https://open.spotify.com/playlist/2KyjkYsSsC1UR75b0m98vd
post-teen pop,4TvZA7Pml7mHLgbwNomlnm,pop,post-teen pop,https://open.spotify.com/playlist/4TvZA7Pml7mHLgbwNomlnm
Electro Pop | Electropop,2a5i2ZtEXGKwVGL16J8N0p,pop,electropop,https://open.spotify.com/playlist/2a5i2ZtEXGKwVGL16J8N0p
Electropop Hits  2017-2020,7kyvBmlc1uSqsTL0EuNLrx,pop,electropop,https://open.spotify.com/playlist/7kyvBmlc1uSqsTL0EuNLrx
Electropop 2019,4Bi8VLtaSu0JILliif8lH6,pop,electropop,https://open.spotify.com/playlist/4Bi8VLtaSu0JILliif8lH6
ELECTROPOP,2UsEj2GUukV0GLbsE3rldz,pop,electropop,https://open.spotify.com/playlist/2UsEj2GUukV0GLbsE3rldz
This Is: Javiera Mena,37i9dQZF1DWSOvcBNdfJ87,pop,electropop,https://open.spotify.com/playlist/37i9dQZF1DWSOvcBNdfJ87
ElectroPop 2020,4frhr6RQM2fMOm2mpvOVo6,pop,electropop,https://open.spotify.com/playlist/4frhr6RQM2fMOm2mpvOVo6
Electropop - Pop,5TiiHps0hNCyQ6ijVkNZQs,pop,electropop,https://open.spotify.com/playlist/5TiiHps0hNCyQ6ijVkNZQs
This Is Janelle Mon√°e,37i9dQZF1DWVT93EW7kPT9,pop,electropop,https://open.spotify.com/playlist/37i9dQZF1DWVT93EW7kPT9
ELECTROPOPüêπ,44p8nNLe4fGfUeArS3MaIX,pop,electropop,https://open.spotify.com/playlist/44p8nNLe4fGfUeArS3MaIX
Electropop 80/90s,3FBD3d5zl74LaoBMVC4IXq,pop,electropop,https://open.spotify.com/playlist/3FBD3d5zl74LaoBMVC4IXq
Electropop,2Z5cPJ6Z4EVZAfF08amjvL,pop,electropop,https://open.spotify.com/playlist/2Z5cPJ6Z4EVZAfF08amjvL
Electropop And Play,7p30DzTAgW6OhspSXHTI88,pop,electropop,https://open.spotify.com/playlist/7p30DzTAgW6OhspSXHTI88
Mix ElectroPop//ElectroHouse// DeepHouse 2020,23swqzpOZwW1NhPiZ7iyFI,pop,electropop,https://open.spotify.com/playlist/23swqzpOZwW1NhPiZ7iyFI
ELECTROPOP EN ESPA√ëOL,3VfscqF7zq65IGKiYM3FS0,pop,electropop,https://open.spotify.com/playlist/3VfscqF7zq65IGKiYM3FS0
"Maxi Pop  GOLD (New Wave, Electropop, Synth Pop...)",2nRWtTI9a2LWjJ9Wy3JZs5,pop,electropop,https://open.spotify.com/playlist/2nRWtTI9a2LWjJ9Wy3JZs5
Gothic / Industrial / Mittelalter / EBM / Futurepop / Gothik / Electropop,53CmFroG6MWR5reOOXJX6B,pop,electropop,https://open.spotify.com/playlist/53CmFroG6MWR5reOOXJX6B
80's Songs | Top üíØ 80s Music Hits,65HtIbyFkaQPflCa4oW8KO,pop,electropop,https://open.spotify.com/playlist/65HtIbyFkaQPflCa4oW8KO
GTA V - Radio Mirror Park,31R7Gd07KsDafqJEeL4Hqr,pop,electropop,https://open.spotify.com/playlist/31R7Gd07KsDafqJEeL4Hqr
ElectroPop,0cuHKz65ZPqBX1brG8djlg,pop,electropop,https://open.spotify.com/playlist/0cuHKz65ZPqBX1brG8djlg
10er Playlist,1kEczIkZH8IgaWT2BiApxZ,pop,electropop,https://open.spotify.com/playlist/1kEczIkZH8IgaWT2BiApxZ
"Indie Poptimism (PUBLIC, The Band CAMINO, lovelytheband)",69yb02k0ZOmukYaxJXwp76,pop,indie poptimism,https://open.spotify.com/playlist/69yb02k0ZOmukYaxJXwp76
Chillout & Remixes üíú,4NlAd9NpIa92IjErMyAriM,pop,indie poptimism,https://open.spotify.com/playlist/4NlAd9NpIa92IjErMyAriM
POPTIMISM,6lWMi4lPiiPwDqn8ZpeyAY,pop,indie poptimism,https://open.spotify.com/playlist/6lWMi4lPiiPwDqn8ZpeyAY
The Sound of Indie Poptimism,7nHgmv7uyIA1KHj6qTttjH,pop,indie poptimism,https://open.spotify.com/playlist/7nHgmv7uyIA1KHj6qTttjH
Indie/Jazz Poptimism,6OaTudLqBEuTyUMPxRNpZc,pop,indie poptimism,https://open.spotify.com/playlist/6OaTudLqBEuTyUMPxRNpZc
The Edge of Indie Poptimism,5vIdb67lQcdFwoVkE4UMep,pop,indie poptimism,https://open.spotify.com/playlist/5vIdb67lQcdFwoVkE4UMep
2019 in Indie Poptimism,16RNbqnNCCLlBJti7JU5nc,pop,indie poptimism,https://open.spotify.com/playlist/16RNbqnNCCLlBJti7JU5nc
Indie Poptimism,1pZWCY50kMUhshcESknir8,pop,indie poptimism,https://open.spotify.com/playlist/1pZWCY50kMUhshcESknir8
A Loose Definition of Indie Poptimism,4ZO0wp9G8FA3X6oYNBzda6,pop,indie poptimism,https://open.spotify.com/playlist/4ZO0wp9G8FA3X6oYNBzda6
Intro to Indie Poptimism,6Ylmweq4pT7j3ScIv5uq1c,pop,indie poptimism,https://open.spotify.com/playlist/6Ylmweq4pT7j3ScIv5uq1c
indie poptimismüï∫üèª,6MQeEHHDs6HQkN5Dlj3oKo,pop,indie poptimism,https://open.spotify.com/playlist/6MQeEHHDs6HQkN5Dlj3oKo
The Pulse of Indie Poptimism,5qFXOOxrQVyS4UCq3UilZN,pop,indie poptimism,https://open.spotify.com/playlist/5qFXOOxrQVyS4UCq3UilZN
random playlist that can't decide its genre so go ahead jam along with these catchy tunes,49qyKvg6UAQAvIMUIGMnP3,pop,indie poptimism,https://open.spotify.com/playlist/49qyKvg6UAQAvIMUIGMnP3
Indie Poptimism,7Ic1UwucK3ozdycPBIPVSR,pop,indie poptimism,https://open.spotify.com/playlist/7Ic1UwucK3ozdycPBIPVSR
Indie Poptimism!,4hKPJNFIhdAg4pAksn78FJ,pop,indie poptimism,https://open.spotify.com/playlist/4hKPJNFIhdAg4pAksn78FJ
indie poptimism,1E5VdGGWkpDQ682gdvJAZH,pop,indie poptimism,https://open.spotify.com/playlist/1E5VdGGWkpDQ682gdvJAZH
Indie Poptimism,2QiMewRbSavfZ9MSAYz2h6,pop,indie poptimism,https://open.spotify.com/playlist/2QiMewRbSavfZ9MSAYz2h6
Music&Other Drugs,5jROYSZSL7cO0jGAqkPx7C,pop,indie poptimism,https://open.spotify.com/playlist/5jROYSZSL7cO0jGAqkPx7C
Deep-deep Bubble Pop,744VClUYfFnZCDPcOUkg5G,pop,indie poptimism,https://open.spotify.com/playlist/744VClUYfFnZCDPcOUkg5G
Indie Poptimism,21nxmipQe5xtXoHHPaYfnY,pop,indie poptimism,https://open.spotify.com/playlist/21nxmipQe5xtXoHHPaYfnY
RapCaviar,37i9dQZF1DX0XUsuxWHRQd,rap,hip hop,https://open.spotify.com/playlist/37i9dQZF1DX0XUsuxWHRQd
Jazz Vibes,37i9dQZF1DX0SM0LYsmbMT,rap,hip hop,https://open.spotify.com/playlist/37i9dQZF1DX0SM0LYsmbMT
Lush Lofi,37i9dQZF1DXc8kgYqQLMfH,rap,hip hop,https://open.spotify.com/playlist/37i9dQZF1DXc8kgYqQLMfH
RAP 91,37i9dQZF1DX1ct2TQrAvRf,rap,hip hop,https://open.spotify.com/playlist/37i9dQZF1DX1ct2TQrAvRf
Lo-Fi Beats,37i9dQZF1DWWQRwui0ExPn,rap,hip hop,https://open.spotify.com/playlist/37i9dQZF1DWWQRwui0ExPn
Hip-Hop Central,37i9dQZF1DWY6tYEFs22tT,rap,hip hop,https://open.spotify.com/playlist/37i9dQZF1DWY6tYEFs22tT
Generacja Hip Hop,37i9dQZF1DWXJnyndhASBe,rap,hip hop,https://open.spotify.com/playlist/37i9dQZF1DWXJnyndhASBe
Hip-Hop Drive,37i9dQZF1DWUFmyho2wkQU,rap,hip hop,https://open.spotify.com/playlist/37i9dQZF1DWUFmyho2wkQU
Hip Hop Controller,37i9dQZF1DWT5MrZnPU1zD,rap,hip hop,https://open.spotify.com/playlist/37i9dQZF1DWT5MrZnPU1zD
Hip-Hop Favourites,37i9dQZF1DX48TTZL62Yht,rap,hip hop,https://open.spotify.com/playlist/37i9dQZF1DX48TTZL62Yht
A1 Hip-Hop,37i9dQZF1DX0sDai2F5jCQ,rap,hip hop,https://open.spotify.com/playlist/37i9dQZF1DX0sDai2F5jCQ
Hip-Hop Mixtape,37i9dQZF1DWVdgXTbYm2r0,rap,hip hop,https://open.spotify.com/playlist/37i9dQZF1DWVdgXTbYm2r0
DK rap,37i9dQZF1DXdhDukKQ88Cc,rap,hip hop,https://open.spotify.com/playlist/37i9dQZF1DXdhDukKQ88Cc
This Is Logic,37i9dQZF1DWTIuAboZgTMf,rap,hip hop,https://open.spotify.com/playlist/37i9dQZF1DWTIuAboZgTMf
Lofi Hip-Hop,37i9dQZF1DX36Xw4IJIVKA,rap,hip hop,https://open.spotify.com/playlist/37i9dQZF1DX36Xw4IJIVKA
Rap Workout,37i9dQZF1DX76t638V6CA8,rap,hip hop,https://open.spotify.com/playlist/37i9dQZF1DX76t638V6CA8
Alternative Hip Hop,37i9dQZF1DWTggY0yqBxES,rap,hip hop,https://open.spotify.com/playlist/37i9dQZF1DWTggY0yqBxES
Modus Mio,37i9dQZF1DX36edUJpD76c,rap,hip hop,https://open.spotify.com/playlist/37i9dQZF1DX36edUJpD76c
Hip Te Hop,37i9dQZF1DWTqYqGLu7kTX,rap,hip hop,https://open.spotify.com/playlist/37i9dQZF1DWTqYqGLu7kTX
Arena Hip-Hop,37i9dQZF1DWVFZbCNivv6B,rap,hip hop,https://open.spotify.com/playlist/37i9dQZF1DWVFZbCNivv6B
Southern Hip Hop,4lcyWQDOzPfcbZrcBI3FOW,rap,southern hip hop,https://open.spotify.com/playlist/4lcyWQDOzPfcbZrcBI3FOW
Southern California Hip Hop Primer,206vi9Q0p3juAU73flxPsz,rap,southern hip hop,https://open.spotify.com/playlist/206vi9Q0p3juAU73flxPsz
Dirty South Rap Classics by DJ HOTSAUCE,0tLHH1C4HkWEUCXXSSjbOe,rap,southern hip hop,https://open.spotify.com/playlist/0tLHH1C4HkWEUCXXSSjbOe
90's Southern Hip Hop,2NMW1nwQYSVlXd26uLenX6,rap,southern hip hop,https://open.spotify.com/playlist/2NMW1nwQYSVlXd26uLenX6
90s-2000s Southern Hip Hop / Crunk,5wsWBmQgDtKa8CEg7wTEMi,rap,southern hip hop,https://open.spotify.com/playlist/5wsWBmQgDtKa8CEg7wTEMi
Viral Southern Hip Hop,0DdGqNa18DwYyfIR05OrW1,rap,southern hip hop,https://open.spotify.com/playlist/0DdGqNa18DwYyfIR05OrW1
‚ó§ Hip Hop Dance Music ‚Äì Urban ‚Äì Trap ‚Äì Breaking Locking Popping Bopping ‚Äì WOD ‚Äì World of Dance,0Hr2h94pKN8QAGVAgD6BsD,rap,southern hip hop,https://open.spotify.com/playlist/0Hr2h94pKN8QAGVAgD6BsD
Badass Rock,44bkJI1QGkT2O0GYJSsbkp,rap,southern hip hop,https://open.spotify.com/playlist/44bkJI1QGkT2O0GYJSsbkp
The Sound of Southern Hip Hop,18jT9NMRZifv6cMtK2jWD4,rap,southern hip hop,https://open.spotify.com/playlist/18jT9NMRZifv6cMtK2jWD4
Southern Soul BBQ Mix,3nTS97zUqxJBQeiXNRs963,rap,southern hip hop,https://open.spotify.com/playlist/3nTS97zUqxJBQeiXNRs963
"üî•üíµ Hip Hop, Rap, Heavy 808's - New School",3jPkaExIWXQWklcmmF5180,rap,southern hip hop,https://open.spotify.com/playlist/3jPkaExIWXQWklcmmF5180
Minitruckin Playlist,0VVH2Nzj6kBVGK3WIUQMAw,rap,southern hip hop,https://open.spotify.com/playlist/0VVH2Nzj6kBVGK3WIUQMAw
Hip-Hop 'n RnB,0275i1VNfBnsNbPl0QIBpG,rap,southern hip hop,https://open.spotify.com/playlist/0275i1VNfBnsNbPl0QIBpG
90's Hip Hop Ultimate Collection,4IG024zoaGMurhTFBkMAv9,rap,southern hip hop,https://open.spotify.com/playlist/4IG024zoaGMurhTFBkMAv9
HIP&HOP,5DyJsJZOpMJh34WvUrQzMV,rap,southern hip hop,https://open.spotify.com/playlist/5DyJsJZOpMJh34WvUrQzMV
Southern Hip Hop,3R5c1OfJY7Rzl3p28pzGtL,rap,southern hip hop,https://open.spotify.com/playlist/3R5c1OfJY7Rzl3p28pzGtL
Contemporary Hip Hop,68y3WoFJMMKDHUIpqCnoM3,rap,southern hip hop,https://open.spotify.com/playlist/68y3WoFJMMKDHUIpqCnoM3
3rd Coast Classics,1QJ66s6YBZgxMUaVUyrhbo,rap,southern hip hop,https://open.spotify.com/playlist/1QJ66s6YBZgxMUaVUyrhbo
Southern Hip Hop,57sYMLFXGD4ZqizzcMD7lz,rap,southern hip hop,https://open.spotify.com/playlist/57sYMLFXGD4ZqizzcMD7lz
Southern soul & hip hop,4xJULuV0P5PLcMe3xP8Pgj,rap,southern hip hop,https://open.spotify.com/playlist/4xJULuV0P5PLcMe3xP8Pgj
Gangster Rap,5joQabz9ys3XPGbSx5CaKv,rap,gangster rap,https://open.spotify.com/playlist/5joQabz9ys3XPGbSx5CaKv
Gangster Rap Workout,0ZRwrJ2EDGyKR6YgQPWXeO,rap,gangster rap,https://open.spotify.com/playlist/0ZRwrJ2EDGyKR6YgQPWXeO
Russian Gangster Rap,0u0qLLE8MZc679RZWCk1TT,rap,gangster rap,https://open.spotify.com/playlist/0u0qLLE8MZc679RZWCk1TT
Gangster Rap | 100 % Gangster,2e0d7otcM1oyecfi3zZPWk,rap,gangster rap,https://open.spotify.com/playlist/2e0d7otcM1oyecfi3zZPWk
Gangsta Rap/90's Hip-Hop,39IFMVQdRNdb7kVfyTvHjM,rap,gangster rap,https://open.spotify.com/playlist/39IFMVQdRNdb7kVfyTvHjM
Gangster Rap Deutsch,1qXg9ck25tBRxeXsj8mbDG,rap,gangster rap,https://open.spotify.com/playlist/1qXg9ck25tBRxeXsj8mbDG
GTA San Andreas Radio Los Santos,6m0BqpJfSP2m5xCOFjDRHw,rap,gangster rap,https://open.spotify.com/playlist/6m0BqpJfSP2m5xCOFjDRHw
90s Hiphop / Gangsta Rap,5yGuoOwRQF3o8NVRRlvCj7,rap,gangster rap,https://open.spotify.com/playlist/5yGuoOwRQF3o8NVRRlvCj7
Gangsta Rap üíé Rap Party,0BwUQpqHSlC2YfKwOp2dQV,rap,gangster rap,https://open.spotify.com/playlist/0BwUQpqHSlC2YfKwOp2dQV
Oldschool Gangsta Rap üëë,0t9TeyXE2mWe70JT3YwSoH,rap,gangster rap,https://open.spotify.com/playlist/0t9TeyXE2mWe70JT3YwSoH
GANGSTA Rap,5GA8GDo7RQC3JEanT81B3g,rap,gangster rap,https://open.spotify.com/playlist/5GA8GDo7RQC3JEanT81B3g
90's Gangster Rap,1g3APxk2mLVNU2TuHCPli0,rap,gangster rap,https://open.spotify.com/playlist/1g3APxk2mLVNU2TuHCPli0
RAP Gangsta,1Z1gW89x4MSBjkvVjGg7DQ,rap,gangster rap,https://open.spotify.com/playlist/1Z1gW89x4MSBjkvVjGg7DQ
RUSSIAN Gangster Rap,0Jw0HckkxCfIrOvpN081eV,rap,gangster rap,https://open.spotify.com/playlist/0Jw0HckkxCfIrOvpN081eV
Gangsta Rap/90's Hip-Hop,62spXXfUxBed8nbd5xvH2O,rap,gangster rap,https://open.spotify.com/playlist/62spXXfUxBed8nbd5xvH2O
GANGSTA RAP,3DUkl93JjPdOyX83SJr5ms,rap,gangster rap,https://open.spotify.com/playlist/3DUkl93JjPdOyX83SJr5ms
90s Gangsta Rap / Top Hip-hop Classics,0C2zyPdlkbWHrwVg9gqNdU,rap,gangster rap,https://open.spotify.com/playlist/0C2zyPdlkbWHrwVg9gqNdU
Mexican Gangsta Rap,28Ke4pXWqF2A5b2GfQ1pQt,rap,gangster rap,https://open.spotify.com/playlist/28Ke4pXWqF2A5b2GfQ1pQt
Rap Party 24/7 Radio / Gangsta Rap,4sGnz2x5tbHE2YlW1nemfb,rap,gangster rap,https://open.spotify.com/playlist/4sGnz2x5tbHE2YlW1nemfb
< DARK TRAP >,19WuHd4MxWLzE1fpMmw4S4,rap,gangster rap,https://open.spotify.com/playlist/19WuHd4MxWLzE1fpMmw4S4
Zona Trap,37i9dQZF1DWXU2naFUn37x,rap,trap,https://open.spotify.com/playlist/37i9dQZF1DWXU2naFUn37x
Trapperz Brasil,37i9dQZF1DWWr5uieiPUVM,rap,trap,https://open.spotify.com/playlist/37i9dQZF1DWWr5uieiPUVM
Trap Land,37i9dQZF1DXde9tuMHuIsj,rap,trap,https://open.spotify.com/playlist/37i9dQZF1DXde9tuMHuIsj
Trap strefa,37i9dQZF1DWY3UKS6jvnxr,rap,trap,https://open.spotify.com/playlist/37i9dQZF1DWY3UKS6jvnxr
Trapperz,37i9dQZF1DWUmxBdWX3Pp4,rap,trap,https://open.spotify.com/playlist/37i9dQZF1DWUmxBdWX3Pp4
Trap Nation,0NCspsyf0OS4BsPgGhkQXM,rap,trap,https://open.spotify.com/playlist/0NCspsyf0OS4BsPgGhkQXM
Flow Selecto,37i9dQZF1DX4OjfOteYnH8,rap,trap,https://open.spotify.com/playlist/37i9dQZF1DX4OjfOteYnH8
Trapperz Argentina,37i9dQZF1DWXrVH01e3PIE,rap,trap,https://open.spotify.com/playlist/37i9dQZF1DWXrVH01e3PIE
Trap Mojito,37i9dQZF1DX1OIMC8iDi74,rap,trap,https://open.spotify.com/playlist/37i9dQZF1DX1OIMC8iDi74
Trap Ouro,37i9dQZF1DWYBXtbGSCurj,rap,trap,https://open.spotify.com/playlist/37i9dQZF1DWYBXtbGSCurj
Trap Funk,37i9dQZF1DWTGaQ84g8alz,rap,trap,https://open.spotify.com/playlist/37i9dQZF1DWTGaQ84g8alz
Trap Rewind,37i9dQZF1DX0JcH25923HT,rap,trap,https://open.spotify.com/playlist/37i9dQZF1DX0JcH25923HT
Arabic Trap,37i9dQZF1DXcC6YLqj8ET8,rap,trap,https://open.spotify.com/playlist/37i9dQZF1DXcC6YLqj8ET8
Sad Trap,7kzKtw5vug3IIxKfLadi8A,rap,trap,https://open.spotify.com/playlist/7kzKtw5vug3IIxKfLadi8A
Dose Trap,37i9dQZF1DWWlW7KLhEhCZ,rap,trap,https://open.spotify.com/playlist/37i9dQZF1DWWlW7KLhEhCZ
Trap Nation üîä,5aPwKjwNHr6dnCejLcPTVx,rap,trap,https://open.spotify.com/playlist/5aPwKjwNHr6dnCejLcPTVx
Trap Argentino - Trap Argentina,6ltss0ThreZ3uIMn5mr4Tm,rap,trap,https://open.spotify.com/playlist/6ltss0ThreZ3uIMn5mr4Tm
Trap Luv,37i9dQZF1DWTLxOkM7PwUb,rap,trap,https://open.spotify.com/playlist/37i9dQZF1DWTLxOkM7PwUb
Trap 2020 üî•,37DFLy7lqF3qiR99Ss2ZGR,rap,trap,https://open.spotify.com/playlist/37DFLy7lqF3qiR99Ss2ZGR
Trap Americana,7tkgK1tm9hYkWp7EFyOcAr,rap,trap,https://open.spotify.com/playlist/7tkgK1tm9hYkWp7EFyOcAr
This Is Guns N' Roses,37i9dQZF1DX74DnfGTwugU,rock,album rock,https://open.spotify.com/playlist/37i9dQZF1DX74DnfGTwugU
Michael Learns To Rock album,22XKr7O6bzSA5bHiwRCPNK,rock,album rock,https://open.spotify.com/playlist/22XKr7O6bzSA5bHiwRCPNK
The Black Album,0KNLLunbFh9XgitPMOGmQg,rock,album rock,https://open.spotify.com/playlist/0KNLLunbFh9XgitPMOGmQg
City Pop 1985 „Ç∑„ÉÜ„Ç£„Éº„Éù„ÉÉ„Éó,3j2osvmecEao5nmo9jZ5df,rock,album rock,https://open.spotify.com/playlist/3j2osvmecEao5nmo9jZ5df
The Cranberries Best Of,4E3K9oQgvLcKEz0wgBBXxD,rock,album rock,https://open.spotify.com/playlist/4E3K9oQgvLcKEz0wgBBXxD
Vault: Def Leppard Greatest Hits,6BKqPGcrFMy6TczW0R5Vsz,rock,album rock,https://open.spotify.com/playlist/6BKqPGcrFMy6TczW0R5Vsz
80s Pop & Rock Hits and Album Tracks,0XOIK4m26aeYSD61E5nSVW,rock,album rock,https://open.spotify.com/playlist/0XOIK4m26aeYSD61E5nSVW
Rock and Rios,2gpKfzXEi8QWvgBNPDPk5R,rock,album rock,https://open.spotify.com/playlist/2gpKfzXEi8QWvgBNPDPk5R
Progressive Rock / Metal - Rock /Metal  Progresivo,7GhTpb4eOp6403Bmgqz3db,rock,album rock,https://open.spotify.com/playlist/7GhTpb4eOp6403Bmgqz3db
Mega Rock Ballads: The Best Slow Rock Compilation Ever !,6LJtRKgDpzM8ZbbwC0jLhe,rock,album rock,https://open.spotify.com/playlist/6LJtRKgDpzM8ZbbwC0jLhe
House Of The Rising Sun,1bMYfBHYBCRHY5LGkjlpSy,rock,album rock,https://open.spotify.com/playlist/1bMYfBHYBCRHY5LGkjlpSy
Coldplay ‚Äì Ghost Stories (Deluxe Edition),6h9DHd1pHHiK84cQqJZyIp,rock,album rock,https://open.spotify.com/playlist/6h9DHd1pHHiK84cQqJZyIp
70s Pop & Rock Hits and Deep Tracks,1uKFRCQYci8kVgMy3xzTVH,rock,album rock,https://open.spotify.com/playlist/1uKFRCQYci8kVgMy3xzTVH
L' ALBUM ROCK,0jilq2XZP9F2fwzp2k6iXK,rock,album rock,https://open.spotify.com/playlist/0jilq2XZP9F2fwzp2k6iXK
ONE OK ROCK with Orchestra Japan Tour 2018 Setlist,2gt9IfM8ASNiDzqg5jKyR5,rock,album rock,https://open.spotify.com/playlist/2gt9IfM8ASNiDzqg5jKyR5
The Queen - La Discografia Completa,3E88dLx4fgFYY70gdGzdnB,rock,album rock,https://open.spotify.com/playlist/3E88dLx4fgFYY70gdGzdnB
Soda Stereo ‚Äì El Ultimo Concierto,3opIxv3Y5GmXDNpbLFZxIm,rock,album rock,https://open.spotify.com/playlist/3opIxv3Y5GmXDNpbLFZxIm
Nikki Sixx's Top Pixx,5d1arTPDEr76KMg9geDinZ,rock,album rock,https://open.spotify.com/playlist/5d1arTPDEr76KMg9geDinZ
The Sound of Album Rock,3yj9YnQGTdnFuKbDyXGDi6,rock,album rock,https://open.spotify.com/playlist/3yj9YnQGTdnFuKbDyXGDi6
Caifanes La Historia,3kysJw7lvVwSoOaL0KyW94,rock,album rock,https://open.spotify.com/playlist/3kysJw7lvVwSoOaL0KyW94
Rock Classics,37i9dQZF1DWXRqgorJj26U,rock,classic rock,https://open.spotify.com/playlist/37i9dQZF1DWXRqgorJj26U
Classic Rock,5BygwTQ3OrbiwVsQhXFHMz,rock,classic rock,https://open.spotify.com/playlist/5BygwTQ3OrbiwVsQhXFHMz
Classic Rock Drive,37i9dQZF1DXdOEFt9ZX0dh,rock,classic rock,https://open.spotify.com/playlist/37i9dQZF1DXdOEFt9ZX0dh
Classic Rock Workout,37i9dQZF1DWYNSm3Z3MxiM,rock,classic rock,https://open.spotify.com/playlist/37i9dQZF1DWYNSm3Z3MxiM
Pinoy Classic Rock,37i9dQZF1DWYDQ8wBxd7xt,rock,classic rock,https://open.spotify.com/playlist/37i9dQZF1DWYDQ8wBxd7xt
Classic Rock Now,37i9dQZF1DX0fWtUuB7bFE,rock,classic rock,https://open.spotify.com/playlist/37i9dQZF1DX0fWtUuB7bFE
Soft Rock Drive,37i9dQZF1DX6TIU4D13lOY,rock,classic rock,https://open.spotify.com/playlist/37i9dQZF1DX6TIU4D13lOY
Supernatural Classic Rock,6oghIlByD49KFGNmNU8GSH,rock,classic rock,https://open.spotify.com/playlist/6oghIlByD49KFGNmNU8GSH
Classic Rock Legends,3NcxM1LJJdua8AcRxtijNY,rock,classic rock,https://open.spotify.com/playlist/3NcxM1LJJdua8AcRxtijNY
"Classic Rock 70s 80s 90s, Rock Classics - 70s Rock, 80s Rock, 90s Rock Rock  Classicos",3Ho3iO0iJykgEQNbjB2sic,rock,classic rock,https://open.spotify.com/playlist/3Ho3iO0iJykgEQNbjB2sic
Southern Rock/Classic Rock,0QUlq0LMDVXSBtbyYLTyZh,rock,classic rock,https://open.spotify.com/playlist/0QUlq0LMDVXSBtbyYLTyZh
80s / Classic Rock,29dTrOurPDrMcrnio2q6hZ,rock,classic rock,https://open.spotify.com/playlist/29dTrOurPDrMcrnio2q6hZ
Afro Psychedelica,37i9dQZF1DWVyizF9BJ61m,rock,classic rock,https://open.spotify.com/playlist/37i9dQZF1DWVyizF9BJ61m
Classic Rock Retrogamer,6gUFdcGzKAHyDXY9TKC6cP,rock,classic rock,https://open.spotify.com/playlist/6gUFdcGzKAHyDXY9TKC6cP
Workday: Rock Classics,37i9dQZF1DX1lwxXvReaux,rock,classic rock,https://open.spotify.com/playlist/37i9dQZF1DX1lwxXvReaux
Classic Rock Greatest Hits,6TeyryiZ2UEf3CbLXyztFA,rock,classic rock,https://open.spotify.com/playlist/6TeyryiZ2UEf3CbLXyztFA
Blues Rock,56dbowk1V5ycS5jW7DSvi5,rock,classic rock,https://open.spotify.com/playlist/56dbowk1V5ycS5jW7DSvi5
70's Classic Rock,76lrxCrKrGDkDDf3SVPnl3,rock,classic rock,https://open.spotify.com/playlist/76lrxCrKrGDkDDf3SVPnl3
Classic Rock Radio,4lIywN6kXl9KPm3OQ8u8G7,rock,classic rock,https://open.spotify.com/playlist/4lIywN6kXl9KPm3OQ8u8G7
Classic Rock Playlist.,7CESj1xKbxdArRzloygvkl,rock,classic rock,https://open.spotify.com/playlist/7CESj1xKbxdArRzloygvkl
The Sound of Permanent Wave,4EYSGTuqe9cVfSVpX4gtGv,rock,permanent wave,https://open.spotify.com/playlist/4EYSGTuqe9cVfSVpX4gtGv
Permanent wave,0tOy7ZY4E2PadXIyj8zU43,rock,permanent wave,https://open.spotify.com/playlist/0tOy7ZY4E2PadXIyj8zU43
"Muse Radio - (Uprising, Starlight, Supermassive Black Hole, Madness)",0dAbaJtkS9st5o0cBe1Zcu,rock,permanent wave,https://open.spotify.com/playlist/0dAbaJtkS9st5o0cBe1Zcu
Permanent Wave,5Go0Jsxj1UnsU7Om841BEo,rock,permanent wave,https://open.spotify.com/playlist/5Go0Jsxj1UnsU7Om841BEo
Permanent Wave,2ExyzXAbukW7I8bDqdGvPB,rock,permanent wave,https://open.spotify.com/playlist/2ExyzXAbukW7I8bDqdGvPB
Permanent wave üåä,0QN4FeJQ1mpCygRg9r2JIK,rock,permanent wave,https://open.spotify.com/playlist/0QN4FeJQ1mpCygRg9r2JIK
permanent wave,7rPsfDTqiZYIT4PVzQ4c0c,rock,permanent wave,https://open.spotify.com/playlist/7rPsfDTqiZYIT4PVzQ4c0c
keg party jukebox,4PjiT7SWnUsTTTvKOuR76f,rock,permanent wave,https://open.spotify.com/playlist/4PjiT7SWnUsTTTvKOuR76f
Permanent Wave,5glAD13obyL0G9SH9ukBz2,rock,permanent wave,https://open.spotify.com/playlist/5glAD13obyL0G9SH9ukBz2
Intro to Permanent Wave,3QGjcvI9hCZw81NqKq3ZGv,rock,permanent wave,https://open.spotify.com/playlist/3QGjcvI9hCZw81NqKq3ZGv
Permanent Wave,6dqoVI7qwYLyNqbg0MPad3,rock,permanent wave,https://open.spotify.com/playlist/6dqoVI7qwYLyNqbg0MPad3
Permanent Wave CHDB,2foj4ZYVHRGqSd1aMqNPBj,rock,permanent wave,https://open.spotify.com/playlist/2foj4ZYVHRGqSd1aMqNPBj
‚ë°‚ì™‚ë†‚ë® mixed,2bOjjgN1S3Gqd8vSMyafvJ,rock,permanent wave,https://open.spotify.com/playlist/2bOjjgN1S3Gqd8vSMyafvJ
SNZB PERMANENT WAVE,6CgjYkPIWTxJi8RtPcki02,rock,permanent wave,https://open.spotify.com/playlist/6CgjYkPIWTxJi8RtPcki02
I didn‚Äôt know perm stood for permanent (wave),3e6gYPyrTbaB8BWgSHCt5j,rock,permanent wave,https://open.spotify.com/playlist/3e6gYPyrTbaB8BWgSHCt5j
permanent wave,3uFyGoayrP71xS6T6Y8Bh2,rock,permanent wave,https://open.spotify.com/playlist/3uFyGoayrP71xS6T6Y8Bh2
Modern Indie Rock // Alternative Rock / Garage Rock / Pop Punk / Grunge / Britpop / Pop Rock,1VnvyBDqoV5TCZAnXYferL,rock,permanent wave,https://open.spotify.com/playlist/1VnvyBDqoV5TCZAnXYferL
Permanent Wave Cafe,0VS9w0NY4KXfLORkhY81s8,rock,permanent wave,https://open.spotify.com/playlist/0VS9w0NY4KXfLORkhY81s8
"""Permanent Wave""",3HjTMn6O6adW8vcSMnqmhw,rock,permanent wave,https://open.spotify.com/playlist/3HjTMn6O6adW8vcSMnqmhw
Permanent Wave,03qQtbNHoJuFezRu2CnLuF,rock,permanent wave,https://open.spotify.com/playlist/03qQtbNHoJuFezRu2CnLuF
Rock Hard,37i9dQZF1DWWJOmJ7nRx0C,rock,hard rock,https://open.spotify.com/playlist/37i9dQZF1DWWJOmJ7nRx0C
Hard Rock,37i9dQZF1DX1X7WV84927n,rock,hard rock,https://open.spotify.com/playlist/37i9dQZF1DX1X7WV84927n
‚Äô80s Hard Rock,37i9dQZF1DX68H8ZujdnN7,rock,hard rock,https://open.spotify.com/playlist/37i9dQZF1DX68H8ZujdnN7
Hard Rock Workout,3YouF0u7waJnolytf9JCXf,rock,hard rock,https://open.spotify.com/playlist/3YouF0u7waJnolytf9JCXf
Hard Rock Workout,5nOO372uzpOM5rB2bRWfkp,rock,hard rock,https://open.spotify.com/playlist/5nOO372uzpOM5rB2bRWfkp
This Is Scorpions,37i9dQZF1DWViGKI2U5P2K,rock,hard rock,https://open.spotify.com/playlist/37i9dQZF1DWViGKI2U5P2K
HARD ROCK CAFE,55ybnG2z8rpTIerRfnCsw6,rock,hard rock,https://open.spotify.com/playlist/55ybnG2z8rpTIerRfnCsw6
Hard Rock Cafe Classics,3sv5ViKoPDNnZRsklzEGMN,rock,hard rock,https://open.spotify.com/playlist/3sv5ViKoPDNnZRsklzEGMN
Hard Rock Workout,6kXNv8J3HCYztxjOIUzApv,rock,hard rock,https://open.spotify.com/playlist/6kXNv8J3HCYztxjOIUzApv
Hard Rock Workout!,5nQrMpkyWmxPX0gk74htMk,rock,hard rock,https://open.spotify.com/playlist/5nQrMpkyWmxPX0gk74htMk
Classic Hard Rock,1gAeQGQ7hr2q7IYmaejDW6,rock,hard rock,https://open.spotify.com/playlist/1gAeQGQ7hr2q7IYmaejDW6
Workout Hard Rock,4TG1lzMD9HFvZ9E1Bk6Gnu,rock,hard rock,https://open.spotify.com/playlist/4TG1lzMD9HFvZ9E1Bk6Gnu
Rock Hubspot,5hvf4yL105Rw6cvCP6AMjM,rock,hard rock,https://open.spotify.com/playlist/5hvf4yL105Rw6cvCP6AMjM
HARD ROCK Vibes,28817h8FTrRI4V40DqHVaB,rock,hard rock,https://open.spotify.com/playlist/28817h8FTrRI4V40DqHVaB
New Hard Rock,64BvJcehegyvhqQtV82Ddz,rock,hard rock,https://open.spotify.com/playlist/64BvJcehegyvhqQtV82Ddz
Rock Ballads 80s 90s | Best Rock Love Songs 80's 90's Music Hits,0y8MUle9Lf8VDNjPsskzJB,rock,hard rock,https://open.spotify.com/playlist/0y8MUle9Lf8VDNjPsskzJB
70s Hard Rock,6pZlZ20vt3aDjIKw98aBtQ,rock,hard rock,https://open.spotify.com/playlist/6pZlZ20vt3aDjIKw98aBtQ
Hard Rock Classics 1967-1991 (Party Edition),1NIX36ZFWEtgXSbSNghoue,rock,hard rock,https://open.spotify.com/playlist/1NIX36ZFWEtgXSbSNghoue
2000's hard rock,0EmGNFBBgqLmvdQGPbgiMp,rock,hard rock,https://open.spotify.com/playlist/0EmGNFBBgqLmvdQGPbgiMp
Tropical House,37i9dQZF1DX0AMssoUKCz7,latin,tropical,https://open.spotify.com/playlist/37i9dQZF1DX0AMssoUKCz7
Paraiso Tropical,37i9dQZF1DWYey22ryYM8U,latin,tropical,https://open.spotify.com/playlist/37i9dQZF1DWYey22ryYM8U
Vibra Tropical,37i9dQZF1DX3fXJqxGjuEP,latin,tropical,https://open.spotify.com/playlist/37i9dQZF1DX3fXJqxGjuEP
Tropical Vibes,37i9dQZF1DX6RA5ZrA5a23,latin,tropical,https://open.spotify.com/playlist/37i9dQZF1DX6RA5ZrA5a23
Tropical Vibes,37i9dQZF1DXd8Gn5cSmvFy,latin,tropical,https://open.spotify.com/playlist/37i9dQZF1DXd8Gn5cSmvFy
Punto Tropical,37i9dQZF1DWZ1FUX6sM67g,latin,tropical,https://open.spotify.com/playlist/37i9dQZF1DWZ1FUX6sM67g
Orgulho Tropical,37i9dQZF1DWZ8fJXMbebf9,latin,tropical,https://open.spotify.com/playlist/37i9dQZF1DWZ8fJXMbebf9
Tropical House üèù 2020 Hits,2SRbIs0eBQwHeTP7kErjwo,latin,tropical,https://open.spotify.com/playlist/2SRbIs0eBQwHeTP7kErjwo
Tropical House üå¥,06zrBJ5cts5aemZmqe80J7,latin,tropical,https://open.spotify.com/playlist/06zrBJ5cts5aemZmqe80J7
TROPICALüå¥,0TT57Pe3RZNGCy98G1UQpM,latin,tropical,https://open.spotify.com/playlist/0TT57Pe3RZNGCy98G1UQpM
Tropical Rising,37i9dQZF1DX07X8UDWKEwP,latin,tropical,https://open.spotify.com/playlist/37i9dQZF1DX07X8UDWKEwP
Sunny Beats,37i9dQZF1DXbtuVQL4zoey,latin,tropical,https://open.spotify.com/playlist/37i9dQZF1DXbtuVQL4zoey
Tropical Nights,37i9dQZF1DX0ES2mnOVvai,latin,tropical,https://open.spotify.com/playlist/37i9dQZF1DX0ES2mnOVvai
Tropical Beats,37i9dQZF1DX1bDvyV0IkZ3,latin,tropical,https://open.spotify.com/playlist/37i9dQZF1DX1bDvyV0IkZ3
Tropical House Remixes üçç Tropical Remixes & Tropical Covers,3YdAwfgQLMS4AN2WjRfRlb,latin,tropical,https://open.spotify.com/playlist/3YdAwfgQLMS4AN2WjRfRlb
Tropical House 2020,2oivDYqm1dQK4KbwVJTaf6,latin,tropical,https://open.spotify.com/playlist/2oivDYqm1dQK4KbwVJTaf6
Tropical Morning,0vbtbmyihyvl2MVYrdKdGw,latin,tropical,https://open.spotify.com/playlist/0vbtbmyihyvl2MVYrdKdGw
Para√≠so Tropical,2v41efarffe6iY8qpMK5Gj,latin,tropical,https://open.spotify.com/playlist/2v41efarffe6iY8qpMK5Gj
EDM TROPICAL,3pS63EDS40FVGYL41zAcU4,latin,tropical,https://open.spotify.com/playlist/3pS63EDS40FVGYL41zAcU4
Tropical House Run 190 BPM,37i9dQZF1DWSTc9FdySHtz,latin,tropical,https://open.spotify.com/playlist/37i9dQZF1DWSTc9FdySHtz
Latin Pop Classics,37i9dQZF1DX6ThddIjWuGT,latin,latin pop,https://open.spotify.com/playlist/37i9dQZF1DX6ThddIjWuGT
Latin Pop VIP,37i9dQZF1DX1QnNyJOBQBv,latin,latin pop,https://open.spotify.com/playlist/37i9dQZF1DX1QnNyJOBQBv
Global X,37i9dQZF1DWUxHPh2rEiHr,latin,latin pop,https://open.spotify.com/playlist/37i9dQZF1DWUxHPh2rEiHr
Latin Pop Rising,37i9dQZF1DX8womvTyUjrN,latin,latin pop,https://open.spotify.com/playlist/37i9dQZF1DX8womvTyUjrN
LATIN POP 2020 üî• Pop latino actual,2kKzN3kRYDzBctlaWs7CP2,latin,latin pop,https://open.spotify.com/playlist/2kKzN3kRYDzBctlaWs7CP2
MIX LATIN POP¬∞,6IS6XTdbS9qJZgfjNKgpB8,latin,latin pop,https://open.spotify.com/playlist/6IS6XTdbS9qJZgfjNKgpB8
This Is Gloria Estefan,37i9dQZF1DXarsfY89zXC6,latin,latin pop,https://open.spotify.com/playlist/37i9dQZF1DXarsfY89zXC6
Latin Pop antiguo,4BmnnqWEQAamNoVjtjrQJP,latin,latin pop,https://open.spotify.com/playlist/4BmnnqWEQAamNoVjtjrQJP
Unplugged Hits üì£,5NTm3injIRkUMROsZr3C2O,latin,latin pop,https://open.spotify.com/playlist/5NTm3injIRkUMROsZr3C2O
Latin Pop Songs,5uOMV7g6vp8WxoqXfkzKaw,latin,latin pop,https://open.spotify.com/playlist/5uOMV7g6vp8WxoqXfkzKaw
F**KIN PERFECT,3CzQZEf6jmEjDmBIVO9rdR,latin,latin pop,https://open.spotify.com/playlist/3CzQZEf6jmEjDmBIVO9rdR
Pop Latino 2019 - Mix Canciones Reggaeton & Pop Latino - Pop En Espa√±ol 2019 Musica Para Bailar,5ifDekrUt5lbSIMTSzNNqB,latin,latin pop,https://open.spotify.com/playlist/5ifDekrUt5lbSIMTSzNNqB
2020 Hits & 2019  Hits ‚Äì Top Global Tracks üî•üî•üî•,4JkkvMpVl4lSioqQjeAL0q,latin,latin pop,https://open.spotify.com/playlist/4JkkvMpVl4lSioqQjeAL0q
INDIE POP! TUNES,0HD4Pc1PK8fsyKQq9e2U2v,latin,latin pop,https://open.spotify.com/playlist/0HD4Pc1PK8fsyKQq9e2U2v
RADIO POP CHARTS,6Hbd65HmEAxTJ3cHZNUz2h,latin,latin pop,https://open.spotify.com/playlist/6Hbd65HmEAxTJ3cHZNUz2h
LATIN POP- DJ GIAN,2v3I1zS56Y0cNHYsOAiCGV,latin,latin pop,https://open.spotify.com/playlist/2v3I1zS56Y0cNHYsOAiCGV
Fiesta Latina Mix üéàüéâüíÉüèªüï∫üèª‚òÄÔ∏èüèñ,2kY6lVc5EcVfI5WNKmPQQG,latin,latin pop,https://open.spotify.com/playlist/2kY6lVc5EcVfI5WNKmPQQG
Exitos 2020 - Latin Billboard,0k2IDDkcVyIpIgE6d1woDM,latin,latin pop,https://open.spotify.com/playlist/0k2IDDkcVyIpIgE6d1woDM
Latin Pop 2019,5wONX0lVyQE5XTxqjTUiUd,latin,latin pop,https://open.spotify.com/playlist/5wONX0lVyQE5XTxqjTUiUd
Great Pops,5SO7xYih5w8X5FEpKvU7Rt,latin,latin pop,https://open.spotify.com/playlist/5SO7xYih5w8X5FEpKvU7Rt
Baila Reggaeton,37i9dQZF1DWY7IeIP1cdjF,latin,reggaeton,https://open.spotify.com/playlist/37i9dQZF1DWY7IeIP1cdjF
Mansi√≥n Reggaet√≥n,37i9dQZF1DWZjqjZMudx9T,latin,reggaeton,https://open.spotify.com/playlist/37i9dQZF1DWZjqjZMudx9T
Reggaeton 2020 ‚òÄ,7xWuNevFBmwnFEg6wzdCc7,latin,reggaeton,https://open.spotify.com/playlist/7xWuNevFBmwnFEg6wzdCc7
Reggaeton Classics,37i9dQZF1DX8SfyqmSFDwe,latin,reggaeton,https://open.spotify.com/playlist/37i9dQZF1DX8SfyqmSFDwe
Perreo City,37i9dQZF1DWUlCmB8llCTB,latin,reggaeton,https://open.spotify.com/playlist/37i9dQZF1DWUlCmB8llCTB
De Fiesta,37i9dQZF1DWVskFRGurTfg,latin,reggaeton,https://open.spotify.com/playlist/37i9dQZF1DWVskFRGurTfg
El Ritmo,37i9dQZF1DWVOLXBOylBUZ,latin,reggaeton,https://open.spotify.com/playlist/37i9dQZF1DWVOLXBOylBUZ
¬°Viva Latino!,37i9dQZF1DX10zKzsJ2jva,latin,reggaeton,https://open.spotify.com/playlist/37i9dQZF1DX10zKzsJ2jva
Reggaeton De Ayer,37i9dQZF1DWWU6Rfto8Ppm,latin,reggaeton,https://open.spotify.com/playlist/37i9dQZF1DWWU6Rfto8Ppm
Tusa - Karol G | China - Anuel AA | Estrenos Reggaeton y M√∫sica Urbana 2019,0T47pLnihK4xB8Bk9IQ0Dv,latin,reggaeton,https://open.spotify.com/playlist/0T47pLnihK4xB8Bk9IQ0Dv
Verano Forever,37i9dQZF1DXdnGF35OawbN,latin,reggaeton,https://open.spotify.com/playlist/37i9dQZF1DXdnGF35OawbN
Reggaeton Rewind,37i9dQZF1DXco4ODkIraMD,latin,reggaeton,https://open.spotify.com/playlist/37i9dQZF1DXco4ODkIraMD
REGGAETON ANTIGUO üî•,42E6uFhL4e2nXmbmeigwXb,latin,reggaeton,https://open.spotify.com/playlist/42E6uFhL4e2nXmbmeigwXb
Academia Reggaet√≥n,37i9dQZF1DXd8p9XRfIfUn,latin,reggaeton,https://open.spotify.com/playlist/37i9dQZF1DXd8p9XRfIfUn
REGGAETON VIEJO,31hG19URdBvLEpQWKFYfdD,latin,reggaeton,https://open.spotify.com/playlist/31hG19URdBvLEpQWKFYfdD
Todo Reggaeton,4csIMGPI3aGo3Xy7WG8jBi,latin,reggaeton,https://open.spotify.com/playlist/4csIMGPI3aGo3Xy7WG8jBi
Reggaeton 2020 üòç üî•,03sDEv7FN58Mb9CJOs1Tgn,latin,reggaeton,https://open.spotify.com/playlist/03sDEv7FN58Mb9CJOs1Tgn
Reggaeton viejitoüî•,0si5tw70PIgPkY1Eva6V8f,latin,reggaeton,https://open.spotify.com/playlist/0si5tw70PIgPkY1Eva6V8f
This Is: Don Omar,37i9dQZF1DWYBUdckfg1va,latin,reggaeton,https://open.spotify.com/playlist/37i9dQZF1DWYBUdckfg1va
latin hip hop,3nH8aytdqNeRbcRCg3dw9q,latin,latin hip hop,https://open.spotify.com/playlist/3nH8aytdqNeRbcRCg3dw9q
Latin Hip Hop/Freestyle,2MYEUjX0YAI9dxrBDzoCK7,latin,latin hip hop,https://open.spotify.com/playlist/2MYEUjX0YAI9dxrBDzoCK7
Chicano Rap,3o3xRXWMtBMezk0E3wmtGI,latin,latin hip hop,https://open.spotify.com/playlist/3o3xRXWMtBMezk0E3wmtGI
Global Top 50 | 2020 Hits,1KNl4AYfgZtOVm9KHkhPTF,latin,latin hip hop,https://open.spotify.com/playlist/1KNl4AYfgZtOVm9KHkhPTF
Latin Village 2019,3JcJCsvBnRsA6oc7eUYDSB,latin,latin hip hop,https://open.spotify.com/playlist/3JcJCsvBnRsA6oc7eUYDSB
Urbano: Latino Vibes,0VsVywryrqLhHmsVFVcOAg,latin,latin hip hop,https://open.spotify.com/playlist/0VsVywryrqLhHmsVFVcOAg
Latest Latin American Hits 2020,51LvliKED7oZNJR8XCiPip,latin,latin hip hop,https://open.spotify.com/playlist/51LvliKED7oZNJR8XCiPip
Latin Hip Hop & Rap Playlist 2019,6hIDPF658AhRbxr8HN7OeA,latin,latin hip hop,https://open.spotify.com/playlist/6hIDPF658AhRbxr8HN7OeA
Pop 2009-2011,3gV6KQYZKIuoWml0094vx6,latin,latin hip hop,https://open.spotify.com/playlist/3gV6KQYZKIuoWml0094vx6
Latin/Hip Hop/Dancehall/Soca,2rg9LCyvaMQvnCE2hVndpR,latin,latin hip hop,https://open.spotify.com/playlist/2rg9LCyvaMQvnCE2hVndpR
80's Freestyle/Disco Dance Party (Set Crossfade to 4-Seconds),1oReEujyWpQv2OX68BVPPA,latin,latin hip hop,https://open.spotify.com/playlist/1oReEujyWpQv2OX68BVPPA
Today's Hits 2000-Present,6a66cg3HcsjYkisYyQcov6,latin,latin hip hop,https://open.spotify.com/playlist/6a66cg3HcsjYkisYyQcov6
VidaLoca - Latin / Raggaeton / Hip Hop ¬©,7EPbNmUW9nkRplDLSN9te4,latin,latin hip hop,https://open.spotify.com/playlist/7EPbNmUW9nkRplDLSN9te4
üî•ü¶Å GOOD VIBES ONLY ü¶Åüî• // BROEDERLIEFDE || FRENNA || BROEDERS || HENKIE T  || BIZZEY || POKE \\,1d0fonZHpN4LYHTKbmNRbm,latin,latin hip hop,https://open.spotify.com/playlist/1d0fonZHpN4LYHTKbmNRbm
LATIN FLOW MIX - M√∫sica Cristianaüéµ,396llvvFOIB9jgPg0kqNDb,latin,latin hip hop,https://open.spotify.com/playlist/396llvvFOIB9jgPg0kqNDb
"Hot Latino Mix (Latin, Hip Hop, Rap, RnB, Dancehall, Reggeaton, Afro)",3hR2R6szlkwZeGyclTgHcF,latin,latin hip hop,https://open.spotify.com/playlist/3hR2R6szlkwZeGyclTgHcF
HIP-HOP: Latin Rap ['89-present],5fWgI0IJ1el5NB1sZ0Egsx,latin,latin hip hop,https://open.spotify.com/playlist/5fWgI0IJ1el5NB1sZ0Egsx
School Dance 2019 (Squeaky Clean),0SqaMfNsngZCpPw0UuelA7,latin,latin hip hop,https://open.spotify.com/playlist/0SqaMfNsngZCpPw0UuelA7
Los Cangri,2hTs6GuPwhmg4ApNqxWXLE,latin,latin hip hop,https://open.spotify.com/playlist/2hTs6GuPwhmg4ApNqxWXLE
New Hip Hop‚Äè‚Äè‚Äã‚Äã   ‚Äç,5WNUX6jisX0NRlVDTm6RDd,r&b,urban contemporary,https://open.spotify.com/playlist/5WNUX6jisX0NRlVDTm6RDd
Contemporary Urban,6wyJ4bsjZaUKa9f6GeZlAO,r&b,urban contemporary,https://open.spotify.com/playlist/6wyJ4bsjZaUKa9f6GeZlAO
URBAN NATION,4EKXjB5zlv2DpTS84h407H,r&b,urban contemporary,https://open.spotify.com/playlist/4EKXjB5zlv2DpTS84h407H
Most Popular 2020 TOP 50,1fqkbjEACMlekdddm5aobE,r&b,urban contemporary,https://open.spotify.com/playlist/1fqkbjEACMlekdddm5aobE
New R&B‚Äè‚Äè‚Äã‚Äã   ‚Äç,4I6rTSxqKl1LRvES2O9owQ,r&b,urban contemporary,https://open.spotify.com/playlist/4I6rTSxqKl1LRvES2O9owQ
Top Urban Underground,4Gc9TFxlqmoe50m9Yy78ei,r&b,urban contemporary,https://open.spotify.com/playlist/4Gc9TFxlqmoe50m9Yy78ei
Urban Contemporary,4Pbs84EQbuAblxlp6Chz0d,r&b,urban contemporary,https://open.spotify.com/playlist/4Pbs84EQbuAblxlp6Chz0d
The Sound of Urban Contemporary,07zF8MjQPsiYUXiAIGZ5TA,r&b,urban contemporary,https://open.spotify.com/playlist/07zF8MjQPsiYUXiAIGZ5TA
Chixtape 5 - Tory Lanez,0UXwwVDipbBQeEX7h4YuKU,r&b,urban contemporary,https://open.spotify.com/playlist/0UXwwVDipbBQeEX7h4YuKU
urban contemporary,7en9i0JMyJlRFX4r4XrXXx,r&b,urban contemporary,https://open.spotify.com/playlist/7en9i0JMyJlRFX4r4XrXXx
Urban contemporary,1ZlL3IQS8eB0s0RMxz02yD,r&b,urban contemporary,https://open.spotify.com/playlist/1ZlL3IQS8eB0s0RMxz02yD
Urban contemporary,0qOJuaqHeg4u1i6gjPKnxE,r&b,urban contemporary,https://open.spotify.com/playlist/0qOJuaqHeg4u1i6gjPKnxE
PROJECT: Contemporary,6HaCi9bqaiuSZEDfCEmwyo,r&b,urban contemporary,https://open.spotify.com/playlist/6HaCi9bqaiuSZEDfCEmwyo
Urban/Trap - Contemporary RAP,5CK0fshHcik1vWyeCc0zat,r&b,urban contemporary,https://open.spotify.com/playlist/5CK0fshHcik1vWyeCc0zat
urban contemporary,4WiB26kw0INKwbzfb5M6Tv,r&b,urban contemporary,https://open.spotify.com/playlist/4WiB26kw0INKwbzfb5M6Tv
urban CONTEMPORARY,1nFfDHtp8RY3obgen8KODl,r&b,urban contemporary,https://open.spotify.com/playlist/1nFfDHtp8RY3obgen8KODl
Gospel,0pItJZBDZFvgAOdFnSITnJ,r&b,urban contemporary,https://open.spotify.com/playlist/0pItJZBDZFvgAOdFnSITnJ
Urban Contemporary,4425cRh83Uzor4qCRfM9lb,r&b,urban contemporary,https://open.spotify.com/playlist/4425cRh83Uzor4qCRfM9lb
Cuban vibes only,6VWXakL2ojgiVC01I271e2,r&b,urban contemporary,https://open.spotify.com/playlist/6VWXakL2ojgiVC01I271e2
The 1950s/1960s/1970s/1980s/1990s/2000s/2010s with pop/r&b/soul/boogie/dance/jazz/hip hop/hop/rap.,1S7BckuYIkEazeNKOSM0uA,r&b,urban contemporary,https://open.spotify.com/playlist/1S7BckuYIkEazeNKOSM0uA
Brisa Pop,37i9dQZF1DX2vsux22VuNL,r&b,hip pop,https://open.spotify.com/playlist/37i9dQZF1DX2vsux22VuNL
Pop Hits 2020,5TDtuKDbOhrfW7C58XnriZ,r&b,hip pop,https://open.spotify.com/playlist/5TDtuKDbOhrfW7C58XnriZ
Ultimate Indie Presents... Best Tracks of 2019,37i9dQZF1DWTc5QDlvD7t0,r&b,hip pop,https://open.spotify.com/playlist/37i9dQZF1DWTc5QDlvD7t0
Feeling Accomplished,37i9dQZF1DWTDafB3skWPN,r&b,hip pop,https://open.spotify.com/playlist/37i9dQZF1DWTDafB3skWPN
Pop / Hip-Hop: Gas ‚õΩÔ∏è,7ccXu2NL5YPa7PVgnQxR1j,r&b,hip pop,https://open.spotify.com/playlist/7ccXu2NL5YPa7PVgnQxR1j
Charts 2020 üî•Top 2020üî•Hits 2020üî•Summer 2020üî•Pop 2020üî•Popular Musicüî•Clean Pop 2020üî•Sing Alongs,3xMQTDLOIGvj3lWH5e5x6F,r&b,hip pop,https://open.spotify.com/playlist/3xMQTDLOIGvj3lWH5e5x6F
Girl On Fire,37i9dQZF1DX4F2k37fMTyn,r&b,hip pop,https://open.spotify.com/playlist/37i9dQZF1DX4F2k37fMTyn
Hip pop,1Sc7bobknESH7SXQcnmoX5,r&b,hip pop,https://open.spotify.com/playlist/1Sc7bobknESH7SXQcnmoX5
Nidza Bleja - English HIP HOP/POP Songs,5XQopnmKZnE6RjR6NIzbPS,r&b,hip pop,https://open.spotify.com/playlist/5XQopnmKZnE6RjR6NIzbPS
90s/00s Hip Hop & RnB,0Ar0Ng9DlAWZtSPBvOQgOa,r&b,hip pop,https://open.spotify.com/playlist/0Ar0Ng9DlAWZtSPBvOQgOa
TOP 50 GLOBAL 2020 UPDATED WEEKLY üåçüé∂ WORLDWIDE,2CJsD3fcYJWcliEKnwmovU,r&b,hip pop,https://open.spotify.com/playlist/2CJsD3fcYJWcliEKnwmovU
Hip Pop 2019,3tmx4p5RGlOV1AapXOt1Ze,r&b,hip pop,https://open.spotify.com/playlist/3tmx4p5RGlOV1AapXOt1Ze
Bluegrass Covers,37i9dQZF1DX56crgoe4TG3,r&b,hip pop,https://open.spotify.com/playlist/37i9dQZF1DX56crgoe4TG3
"Latest Hits 2020 - Pop, Hip Hop & RnB",7FqZlaYKkQmVnguJbHuj2a,r&b,hip pop,https://open.spotify.com/playlist/7FqZlaYKkQmVnguJbHuj2a
Musica Italiana 2020 - Playlist Pop & Hip-Hop (Canzoni Italiane 2020),6kVFIQBhLT4003iw2WWEv1,r&b,hip pop,https://open.spotify.com/playlist/6kVFIQBhLT4003iw2WWEv1
Today's Hits (Clean),7ENISpOJhocpMJVcGb0qcT,r&b,hip pop,https://open.spotify.com/playlist/7ENISpOJhocpMJVcGb0qcT
Smooth Hip Hop,7ozFIvz1bE1HPgQTUl5qfT,r&b,hip pop,https://open.spotify.com/playlist/7ozFIvz1bE1HPgQTUl5qfT
Fresh Essentials,4RFszTXlSMZFgpqIJS3754,r&b,hip pop,https://open.spotify.com/playlist/4RFszTXlSMZFgpqIJS3754
New Jack Swing,3ykXidKLz1eYPvuGoFlD1e,r&b,new jack swing,https://open.spotify.com/playlist/3ykXidKLz1eYPvuGoFlD1e
New Jack Swing - 90s R&B fused w Hip Hop,79xd4wnVuKZK4rJMsL2wPa,r&b,new jack swing,https://open.spotify.com/playlist/79xd4wnVuKZK4rJMsL2wPa
New Jack Swing/ R&B Hits: 1987 - 2002,4sji14lrB5bgcr51lPALYH,r&b,new jack swing,https://open.spotify.com/playlist/4sji14lrB5bgcr51lPALYH
90's NEW JACK SWING,0dmInkymNnOTWvEFamSNzb,r&b,new jack swing,https://open.spotify.com/playlist/0dmInkymNnOTWvEFamSNzb
"Swingbeat (old skool), New Jack Swing, R&B, Hip Hop, Urban",3krpccUV68nBGAQbvHEZDC,r&b,new jack swing,https://open.spotify.com/playlist/3krpccUV68nBGAQbvHEZDC
New Jack City,6RLvj5OnEuPzI1P02KwnzK,r&b,new jack swing,https://open.spotify.com/playlist/6RLvj5OnEuPzI1P02KwnzK
90s R&B - The BET Planet Groove/Midnight Love Mix,7LjRWGUdOmBdPG1W1bga4i,r&b,new jack swing,https://open.spotify.com/playlist/7LjRWGUdOmBdPG1W1bga4i
New Jack Swing | The Best üëå,3m4z6komWDtKly3Q1FvFmN,r&b,new jack swing,https://open.spotify.com/playlist/3m4z6komWDtKly3Q1FvFmN
Ultimate Throwbacks Collection,1dsaMvnC1hXPCNGC4aVtjj,r&b,new jack swing,https://open.spotify.com/playlist/1dsaMvnC1hXPCNGC4aVtjj
"Back in the day - R&B, New Jack Swing, Swingbeat, RNB..etc.",3a9y4eeCJRmG9p4YKfqYIx,r&b,new jack swing,https://open.spotify.com/playlist/3a9y4eeCJRmG9p4YKfqYIx
New Jack Swing,4nX6BscFtR1CozSCfv2cuR,r&b,new jack swing,https://open.spotify.com/playlist/4nX6BscFtR1CozSCfv2cuR
CSR 103:9 (GTA: SA),4sr2xEhXQR5VuZ0LZX8TQ8,r&b,new jack swing,https://open.spotify.com/playlist/4sr2xEhXQR5VuZ0LZX8TQ8
Best of New Jack Swing,63Y9Sk7Twusm6ZNssHxKaa,r&b,new jack swing,https://open.spotify.com/playlist/63Y9Sk7Twusm6ZNssHxKaa
New Jack Swing -late 80's & early 90's Hip Hop and R&B,30z5uGyqurJn0NtkZ9e8BT,r&b,new jack swing,https://open.spotify.com/playlist/30z5uGyqurJn0NtkZ9e8BT
The Sound of New Jack Swing,0zn8nuASKC0PISqD9mxCSV,r&b,new jack swing,https://open.spotify.com/playlist/0zn8nuASKC0PISqD9mxCSV
The New (Jack Swing) Testament,4mciQwEuqaUMwIWKcDMFW0,r&b,new jack swing,https://open.spotify.com/playlist/4mciQwEuqaUMwIWKcDMFW0
80s-90s R&B / New Jack Swing / Funk / Dance / Soul,3X4HmijjKdwwLonCrOOEAZ,r&b,new jack swing,https://open.spotify.com/playlist/3X4HmijjKdwwLonCrOOEAZ
Kenny B's Ultimate New Jack Swing Mix,7bdhfXlbfml9CuNn5c7372,r&b,new jack swing,https://open.spotify.com/playlist/7bdhfXlbfml9CuNn5c7372
R&B 80's/90's/00's,2Ey63yNQeC9Yto7JwX9BGJ,r&b,new jack swing,https://open.spotify.com/playlist/2Ey63yNQeC9Yto7JwX9BGJ
1987-1997 OLD SKOOL JAMZ,0WicovBbxeB0nvQC6IfuaT,r&b,new jack swing,https://open.spotify.com/playlist/0WicovBbxeB0nvQC6IfuaT
I Love My Neo-Soul,37i9dQZF1DX44dZ4p5QLf4,r&b,neo soul,https://open.spotify.com/playlist/37i9dQZF1DX44dZ4p5QLf4
Neo Soul Music,78RRvktrPMSqAoCI21mNOe,r&b,neo soul,https://open.spotify.com/playlist/78RRvktrPMSqAoCI21mNOe
Neo-Soul,1eqVgsNjaX6mxDPoefhocT,r&b,neo soul,https://open.spotify.com/playlist/1eqVgsNjaX6mxDPoefhocT
Neo-Soul Guitar,0aS9YCNTNrDiMNa9tT49RG,r&b,neo soul,https://open.spotify.com/playlist/0aS9YCNTNrDiMNa9tT49RG
NEO SOUL GUITAR,0r5ojPhjqGVq21oQR13UJy,r&b,neo soul,https://open.spotify.com/playlist/0r5ojPhjqGVq21oQR13UJy
Neo Soul / Modern Jazz / Smooth Hiphop,07SNJ4MwYba9wwmzrbjmYi,r&b,neo soul,https://open.spotify.com/playlist/07SNJ4MwYba9wwmzrbjmYi
NEO-soul,3q3M4VCymcMoxJ3Tl7mRqN,r&b,neo soul,https://open.spotify.com/playlist/3q3M4VCymcMoxJ3Tl7mRqN
Groovy // Funky // Neo-Soul,0JmBB9HfrzDiZoPVRdv8ns,r&b,neo soul,https://open.spotify.com/playlist/0JmBB9HfrzDiZoPVRdv8ns
Christmas Soul,6FZYc2BvF7tColxO8PBShV,r&b,neo soul,https://open.spotify.com/playlist/6FZYc2BvF7tColxO8PBShV
Neo-Soul / Soulful R&B,4F3xAxHxeBwXhK6k6GPnrW,r&b,neo soul,https://open.spotify.com/playlist/4F3xAxHxeBwXhK6k6GPnrW
Neo Soul 2019,44d7ppo4cggZJmzH2WOhAc,r&b,neo soul,https://open.spotify.com/playlist/44d7ppo4cggZJmzH2WOhAc
NEO FUNK AND SOUL,2WbTrS5D0V2TW6DiDkJBru,r&b,neo soul,https://open.spotify.com/playlist/2WbTrS5D0V2TW6DiDkJBru
Neo Soul,2YPP7fiYu5pIcp2yyHvw4A,r&b,neo soul,https://open.spotify.com/playlist/2YPP7fiYu5pIcp2yyHvw4A
Saxophone in Hip Hop - R&B Lounge - Jazz Rap,2ujrP2rPxu8ao7wNeG1ZOY,r&b,neo soul,https://open.spotify.com/playlist/2ujrP2rPxu8ao7wNeG1ZOY
Japanese Funk/Soul/NEO/Jazz/Acid,4zNayWuATXCAA9gaXvnFnq,r&b,neo soul,https://open.spotify.com/playlist/4zNayWuATXCAA9gaXvnFnq
Neo-Jazz Soul RnB & Afro,48AzM7l4M02DBYd2N3IFLP,r&b,neo soul,https://open.spotify.com/playlist/48AzM7l4M02DBYd2N3IFLP
Gospel Neo Soul,2wP2UAYC4Nqb6oUXkMJlAz,r&b,neo soul,https://open.spotify.com/playlist/2wP2UAYC4Nqb6oUXkMJlAz
Soul Coffee (The Best Neo-Soul Mixtape ever),16iNEskDatG5KbDV16F6LR,r&b,neo soul,https://open.spotify.com/playlist/16iNEskDatG5KbDV16F6LR
Neo-Soul Essentials,0DIwi1dMI59NItQtiNcevy,r&b,neo soul,https://open.spotify.com/playlist/0DIwi1dMI59NItQtiNcevy
Sexy Soul 2020,5EMARioe9z9eKOeWIAC2JW,r&b,neo soul,https://open.spotify.com/playlist/5EMARioe9z9eKOeWIAC2JW
Electro House 2020,317O0e8iWJLClLGDKtieRe,edm,electro house,https://open.spotify.com/playlist/317O0e8iWJLClLGDKtieRe
Electro House Top Tracks,1G0q0NK7g3C0XerNqq7GbL,edm,electro house,https://open.spotify.com/playlist/1G0q0NK7g3C0XerNqq7GbL
Nasty Bits,37i9dQZF1DX2VvACCrgjrt,edm,electro house,https://open.spotify.com/playlist/37i9dQZF1DX2VvACCrgjrt
Electro Pos√© - Discoveries,6nZaTh6K1SwhdELFTmA99C,edm,electro house,https://open.spotify.com/playlist/6nZaTh6K1SwhdELFTmA99C
Techno House 2020 üëΩ Best Collection üëª Top DJ‚Äôs Electronic Music - Deep House - Trance - Tech House - Dance - Electro Pop,3QEYvCsVXZj8KuzE0bDmcI,edm,electro house,https://open.spotify.com/playlist/3QEYvCsVXZj8KuzE0bDmcI
EDM 2020 House & Dance,25ButZrVb1Zj1MJioMs09D,edm,electro house,https://open.spotify.com/playlist/25ButZrVb1Zj1MJioMs09D
Electro Vibes,0wHHL0TLztL3muzXLCDTQP,edm,electro house,https://open.spotify.com/playlist/0wHHL0TLztL3muzXLCDTQP
Electro Swing Top 100,5M7xLCQTYJL0lbKIrUn3a4,edm,electro house,https://open.spotify.com/playlist/5M7xLCQTYJL0lbKIrUn3a4
Electro Swing,3Dr4NKbsFQ2m7tmPxGRroO,edm,electro house,https://open.spotify.com/playlist/3Dr4NKbsFQ2m7tmPxGRroO
Electro House,6k45gxiQhfVqACfIdqONsC,edm,electro house,https://open.spotify.com/playlist/6k45gxiQhfVqACfIdqONsC
ELECTRO HOUSE 2020,1N5dPU0Ca9N9AwBbUeyzX5,edm,electro house,https://open.spotify.com/playlist/1N5dPU0Ca9N9AwBbUeyzX5
New House   ‚Äç,54XvQQsViMBwjO1ws2o2wx,edm,electro house,https://open.spotify.com/playlist/54XvQQsViMBwjO1ws2o2wx
Jeff Seid Electro House,2Tisn6NZbeofpc57Oc6MGo,edm,electro house,https://open.spotify.com/playlist/2Tisn6NZbeofpc57Oc6MGo
Crossfit‚Äè‚Äè‚Äã‚Äã   ‚Äç,5GiPRvTccToqwOzkoAcDrY,edm,electro house,https://open.spotify.com/playlist/5GiPRvTccToqwOzkoAcDrY
Electro House - by Spinnin' Records,4pVZ70y8vzzkn2GVwQbQw8,edm,electro house,https://open.spotify.com/playlist/4pVZ70y8vzzkn2GVwQbQw8
üíäELECTRO-HOUSE-TECHüíä,0AFYmoSuoMQiGGjzvBwr6u,edm,electro house,https://open.spotify.com/playlist/0AFYmoSuoMQiGGjzvBwr6u
Fitness Workout Electro | House | Dance | Progressive House,6KnQDwp0syvhfHOR4lWP7x,edm,electro house,https://open.spotify.com/playlist/6KnQDwp0syvhfHOR4lWP7x
Club Mix 2020 üçπ,7sq6nuruoMyDhEWkX2oYOg,edm,electro house,https://open.spotify.com/playlist/7sq6nuruoMyDhEWkX2oYOg
House Electro 2019,72r6odw0Q3OWTCYMGA7Yiy,edm,electro house,https://open.spotify.com/playlist/72r6odw0Q3OWTCYMGA7Yiy
üîäBASSBOOSTEDüîä‚ö°ELECTRO HOUSE‚ö°üî•EDM CAR MUSIC2018/2019üî•,4GSiiL8tcMgvoV7K1IADb8,edm,electro house,https://open.spotify.com/playlist/4GSiiL8tcMgvoV7K1IADb8
Big Room EDM,3S03NWbWkrR1e7DPH9rf9Z,edm,big room,https://open.spotify.com/playlist/3S03NWbWkrR1e7DPH9rf9Z
Big Room Beast,3PNyCpkY7NAXyhopBpj7vc,edm,big room,https://open.spotify.com/playlist/3PNyCpkY7NAXyhopBpj7vc
Big Room House | Festival Bangers,5Bx5niVgi3qGQQw06C0RKq,edm,big room,https://open.spotify.com/playlist/5Bx5niVgi3qGQQw06C0RKq
PAROOKAVILLE - Big Room,6vbHQdtfmexb0ptmBSpemm,edm,big room,https://open.spotify.com/playlist/6vbHQdtfmexb0ptmBSpemm
Big Room House / Bigroom,2EnVd4ugXUybVQoQrarICY,edm,big room,https://open.spotify.com/playlist/2EnVd4ugXUybVQoQrarICY
Big Room EDM - by Spinnin' Records,7xWdFCrU5Gka6qp1ODrSdK,edm,big room,https://open.spotify.com/playlist/7xWdFCrU5Gka6qp1ODrSdK
BIG-ROOM NEVER DIES !,4QtO2XySphMOJt7pX0yaVi,edm,big room,https://open.spotify.com/playlist/4QtO2XySphMOJt7pX0yaVi
Dancefloor Beats,6mMk6QCzEgT3QGaCV1R4S5,edm,big room,https://open.spotify.com/playlist/6mMk6QCzEgT3QGaCV1R4S5
Bounce United,08QTrfsYYouffgnPjmllAQ,edm,big room,https://open.spotify.com/playlist/08QTrfsYYouffgnPjmllAQ
Locker Room,37i9dQZF1DX8SaiEt4OVJw,edm,big room,https://open.spotify.com/playlist/37i9dQZF1DX8SaiEt4OVJw
Sick Big Room House Drops | EZUMI,4R4c3WdN1Any2Q1NSuec3r,edm,big room,https://open.spotify.com/playlist/4R4c3WdN1Any2Q1NSuec3r
big boom room ‚Äî TOMORROWLAND EDC EDM BIG ROOM AMF ADE DANCE TRANCE HARDWELL TIESTO,2oalsaFUockoPf1DU3wrL8,edm,big room,https://open.spotify.com/playlist/2oalsaFUockoPf1DU3wrL8
Trance Party 2019 by FUTURE TRANCE,2yofeyPwe0ZNmJHTrGz2Qt,edm,big room,https://open.spotify.com/playlist/2yofeyPwe0ZNmJHTrGz2Qt
SINULOG Festival 2020,0COM4nZqdXC3sMjVdcaU7V,edm,big room,https://open.spotify.com/playlist/0COM4nZqdXC3sMjVdcaU7V
[EAS]: Festival Big Room,71UHE27ayQs8ZDxQwY0cY1,edm,big room,https://open.spotify.com/playlist/71UHE27ayQs8ZDxQwY0cY1
Big White Room-Jessie-J,5FhhmunkvwTAsGaiXpRHkJ,edm,big room,https://open.spotify.com/playlist/5FhhmunkvwTAsGaiXpRHkJ
Big Room House,7vJOXFe40axY7qS39vGDyH,edm,big room,https://open.spotify.com/playlist/7vJOXFe40axY7qS39vGDyH
ALPAS Music Festival,6pPpLz42hUkr8gbMirkAEl,edm,big room,https://open.spotify.com/playlist/6pPpLz42hUkr8gbMirkAEl
Epic Bass Drops,49EXQVXh5k1t8SOhmUeyU7,edm,big room,https://open.spotify.com/playlist/49EXQVXh5k1t8SOhmUeyU7
Big Room 2019,6SrHyxIxWfQx9ISEr6yowk,edm,big room,https://open.spotify.com/playlist/6SrHyxIxWfQx9ISEr6yowk
@deniceemoberg EDM - POP REMIXES,2fbrY1tuoW8Uji14H7623k,edm,pop edm,https://open.spotify.com/playlist/2fbrY1tuoW8Uji14H7623k
EDM House & Dance,5CTzufLc0f6MufjKYrIaoO,edm,pop edm,https://open.spotify.com/playlist/5CTzufLc0f6MufjKYrIaoO
Pop EDM Remixes,4aUEH3uhbofktrFkXOOaKj,edm,pop edm,https://open.spotify.com/playlist/4aUEH3uhbofktrFkXOOaKj
EDM 2019,1T0ed6Mg0QIruHvcoWWIKy,edm,pop edm,https://open.spotify.com/playlist/1T0ed6Mg0QIruHvcoWWIKy
Waves Pop and EDM,64k01l4j6QtnZ8jMaI84AA,edm,pop edm,https://open.spotify.com/playlist/64k01l4j6QtnZ8jMaI84AA
Pop Hits 2000-2019,6mtYuOxzl58vSGnEDtZ9uB,edm,pop edm,https://open.spotify.com/playlist/6mtYuOxzl58vSGnEDtZ9uB
EDM - pop remixes,0cvVad4XizGbOS0vlwZYS5,edm,pop edm,https://open.spotify.com/playlist/0cvVad4XizGbOS0vlwZYS5
Ver√£o 2020 | Pop | Funk | Sertanejo | EDM | Top Hits 2019 - As Mais Tocadas,5HmZtuuIDMtIy21kylqhx6,edm,pop edm,https://open.spotify.com/playlist/5HmZtuuIDMtIy21kylqhx6
2010 - 2011 - 2012 - 2013 - 2014 - 2015 - 2016 - 2017 - 2018 - 2019 - 2020 TOP HITS,2DjIfVDXGYDgRxw7IJTKVb,edm,pop edm,https://open.spotify.com/playlist/2DjIfVDXGYDgRxw7IJTKVb
K-Crazy Michioso Tunes,37i9dQZF1DWUXxc8Mc6MmJ,edm,pop edm,https://open.spotify.com/playlist/37i9dQZF1DWUXxc8Mc6MmJ
EDM Trap,7CEEEMKV41x0RlFCXWdvKF,edm,pop edm,https://open.spotify.com/playlist/7CEEEMKV41x0RlFCXWdvKF
2015 songs,6UJw1egIcZVfrBmcKs5uHH,edm,pop edm,https://open.spotify.com/playlist/6UJw1egIcZVfrBmcKs5uHH
Pop EDM,5EgzhnSirHRvu1AqlFLllv,edm,pop edm,https://open.spotify.com/playlist/5EgzhnSirHRvu1AqlFLllv
Tastemakers Ball  -  EDM - POP and FUN,67cpuBAXjwibm3LG333Oaq,edm,pop edm,https://open.spotify.com/playlist/67cpuBAXjwibm3LG333Oaq
EDM Pop,2d3oOPO0csDU40JyiGwFaF,edm,pop edm,https://open.spotify.com/playlist/2d3oOPO0csDU40JyiGwFaF
Happy EDM,3d2JFEbvcx7p2CHkBaQeMZ,edm,pop edm,https://open.spotify.com/playlist/3d2JFEbvcx7p2CHkBaQeMZ
EDM/POP,6gHk5RFrnALbDNJdaXKivi,edm,pop edm,https://open.spotify.com/playlist/6gHk5RFrnALbDNJdaXKivi
Selected House,2JPzPB9jnvJLAYtmCbvZy8,edm,progressive electro house,https://open.spotify.com/playlist/2JPzPB9jnvJLAYtmCbvZy8
Deep Electronic Music 2020 & Progressive House,5CMvAWTlDPdZnkleiTHyyo,edm,progressive electro house,https://open.spotify.com/playlist/5CMvAWTlDPdZnkleiTHyyo
Female Vocal EDM,5QaPRbVgbEcCc9jC1UxgD1,edm,progressive electro house,https://open.spotify.com/playlist/5QaPRbVgbEcCc9jC1UxgD1
Vocal House,5PCAWKfUWAUj8VeY8G7xRQ,edm,progressive electro house,https://open.spotify.com/playlist/5PCAWKfUWAUj8VeY8G7xRQ
Hands Up‚Äè‚Äè‚Äã‚Äã   ‚Äç,1lSdljPk8zcAdXVMUduDia,edm,progressive electro house,https://open.spotify.com/playlist/1lSdljPk8zcAdXVMUduDia
House/Electro/Progressive/Disco/Lofi/Synthwave,42jbIN5Zj0UUPdtmqxQRKF,edm,progressive electro house,https://open.spotify.com/playlist/42jbIN5Zj0UUPdtmqxQRKF
Alex Workout,7fRlDx99wBg6i45OCvxwKY,edm,progressive electro house,https://open.spotify.com/playlist/7fRlDx99wBg6i45OCvxwKY
2011-2014 House,53Ga3Xt9fumdJfhNNSBvzU,edm,progressive electro house,https://open.spotify.com/playlist/53Ga3Xt9fumdJfhNNSBvzU
Electro/Progressive/Club House,1HtnPDj2V126xB9tJP786P,edm,progressive electro house,https://open.spotify.com/playlist/1HtnPDj2V126xB9tJP786P
CHRISTIAN ELECTRO / DANCE / EDM,0MhTMIo1bgH6zzPh7BdChT,edm,progressive electro house,https://open.spotify.com/playlist/0MhTMIo1bgH6zzPh7BdChT
Epic Bass Drops | Best House Mixes,4IS7o1utOzhimFEFnj9gmu,edm,progressive electro house,https://open.spotify.com/playlist/4IS7o1utOzhimFEFnj9gmu
Brand New EDM,2dNitDEHM9FpUGEHWc7zyW,edm,progressive electro house,https://open.spotify.com/playlist/2dNitDEHM9FpUGEHWc7zyW
"Electr√≥nica, Progressive House, Electro House y m√°s üéß",0o5gKmuET7F3lQnpFxvPO8,edm,progressive electro house,https://open.spotify.com/playlist/0o5gKmuET7F3lQnpFxvPO8
Gym (Melbourne Bounce/Progressive House),5BqOZpVEqRDfZScvW1QUyA,edm,progressive electro house,https://open.spotify.com/playlist/5BqOZpVEqRDfZScvW1QUyA
Fresh EDM | Progressive House | Electro House | Trap | Deep House | Electronic | Future House/Bass,0FCHg9zJMNNiOokh3hVcxd,edm,progressive electro house,https://open.spotify.com/playlist/0FCHg9zJMNNiOokh3hVcxd
"Festival Music 2019 - Warm Up Music (EDM, Big Room & Progressive House)",73uj4YmsC7SJ6SbUMTvf07,edm,progressive electro house,https://open.spotify.com/playlist/73uj4YmsC7SJ6SbUMTvf07
Underground Party | Hypnotic | Minimal | Acid | Big Room | Tech | Liquid,29jj7pQlDqnWclbHQk21Rq,edm,progressive electro house,https://open.spotify.com/playlist/29jj7pQlDqnWclbHQk21Rq
Trending EDM by Nik Cooper,4N1ipiKR3xla8UXtE12XBm,edm,progressive electro house,https://open.spotify.com/playlist/4N1ipiKR3xla8UXtE12XBm
‚ô• EDM LOVE 2020,6jI1gFr6ANFtT8MmTvA2Ux,edm,progressive electro house,https://open.spotify.com/playlist/6jI1gFr6ANFtT8MmTvA2Ux
