,playlist_name,playlist_id,playlist_genre,playlist_subgenre,playlist_url,playlist_categories
0,Pop Remix,37i9dQZF1DXcZDD7cfEKhW,pop,dance pop,https://open.spotify.com/playlist/37i9dQZF1DXcZDD7cfEKhW,99
1,Dance Pop,37i9dQZF1DWZQaaqNMbbXa,pop,dance pop,https://open.spotify.com/playlist/37i9dQZF1DWZQaaqNMbbXa,99
2,Dance Room,37i9dQZF1DX2ENAPP1Tyed,pop,dance pop,https://open.spotify.com/playlist/37i9dQZF1DX2ENAPP1Tyed,99
3,Cardio,37i9dQZF1DWSJHnPb1f0X3,pop,dance pop,https://open.spotify.com/playlist/37i9dQZF1DWSJHnPb1f0X3,99
4,Dance Pop Hits,37i9dQZF1DX6pH08wMhkaI,pop,dance pop,https://open.spotify.com/playlist/37i9dQZF1DX6pH08wMhkaI,99
5,Pop Warmup 130 BPM,37i9dQZF1DX3PIAZMcbo2T,pop,dance pop,https://open.spotify.com/playlist/37i9dQZF1DX3PIAZMcbo2T,99
6,Dance Pop: Japan,37i9dQZF1DXahYFr91pFvG,pop,dance pop,https://open.spotify.com/playlist/37i9dQZF1DXahYFr91pFvG,99
7,K-Party Dance Mix,37i9dQZF1DX4RDXswvP6Mj,pop,dance pop,https://open.spotify.com/playlist/37i9dQZF1DX4RDXswvP6Mj,99
8,Dance Pop,0B2HdP15IucgE0vk3sluJR,pop,dance pop,https://open.spotify.com/playlist/0B2HdP15IucgE0vk3sluJR,99
9,Dance Pop Tunes,4SdfG4cPG3skmTiQLozZGh,pop,dance pop,https://open.spotify.com/playlist/4SdfG4cPG3skmTiQLozZGh,99
10,Pop / Dance,6mXh8CUBMBsBUu88a4eAQV,pop,dance pop,https://open.spotify.com/playlist/6mXh8CUBMBsBUu88a4eAQV,99
11,Todo √âxitos,2ji5tRQVfnhaX1w9FhmSzk,pop,dance pop,https://open.spotify.com/playlist/2ji5tRQVfnhaX1w9FhmSzk,99
12,90s Dance Hits,50cXvxgMGrvoUeLhkzCyIO,pop,dance pop,https://open.spotify.com/playlist/50cXvxgMGrvoUeLhkzCyIO,99
13,Christian Dance Party,37i9dQZF1DWUUPO0Sbx2CM,pop,dance pop,https://open.spotify.com/playlist/37i9dQZF1DWUUPO0Sbx2CM,99
14,Pop Dance Hits,7eERKCkgNKCCx5GYdeMIZf,pop,dance pop,https://open.spotify.com/playlist/7eERKCkgNKCCx5GYdeMIZf,99
15,Best of 2019 Dance Pop: Japan,37i9dQZF1DXdOtZGKonFlM,pop,dance pop,https://open.spotify.com/playlist/37i9dQZF1DXdOtZGKonFlM,99
16,Ultimate Indie Presents... Best Indie Tracks of the 2010s,37i9dQZF1DWTHM4kX49UKs,pop,dance pop,https://open.spotify.com/playlist/37i9dQZF1DWTHM4kX49UKs,99
17,TUNES DANCE AND POP,3arpkhoRWXEYbdCpVAIrRR,pop,dance pop,https://open.spotify.com/playlist/3arpkhoRWXEYbdCpVAIrRR,99
18,Pop Ingl√©s (2020 - 2010s)üíô M√∫sica En Ingl√©s 2010s,4QAzO1Z92yqqD6Mf3mOANu,pop,dance pop,https://open.spotify.com/playlist/4QAzO1Z92yqqD6Mf3mOANu,99
19,ELETRIC POP & DANCE,7316uT3vVzTidCI8cinBUv,pop,dance pop,https://open.spotify.com/playlist/7316uT3vVzTidCI8cinBUv,99
20,Pop - Pop UK - 2019 - Canadian Pop - 2019 - Pop,46Cl6dmeiylK6TRGXr7hHe,pop,post-teen pop,https://open.spotify.com/playlist/46Cl6dmeiylK6TRGXr7hHe,99
21,The Sound of Post-Teen Pop,10FCW9lj0NdeoYI5VVvVtY,pop,post-teen pop,https://open.spotify.com/playlist/10FCW9lj0NdeoYI5VVvVtY,99
22,Post teen pop,7jQHOrErpLMStcUUSavQWR,pop,post-teen pop,https://open.spotify.com/playlist/7jQHOrErpLMStcUUSavQWR,99
23,"post-teen alternative, indie, pop (large variety)",1y42gwI5cuwjBslPyQNfqb,pop,post-teen pop,https://open.spotify.com/playlist/1y42gwI5cuwjBslPyQNfqb,99
24,Pop Punk | Post-Hardcore,1YgWQAs1s77NzieIH4ARKn,pop,post-teen pop,https://open.spotify.com/playlist/1YgWQAs1s77NzieIH4ARKn,99
25,Post pop teen,222nc9tKxKhfZ2GBrOpwH3,pop,post-teen pop,https://open.spotify.com/playlist/222nc9tKxKhfZ2GBrOpwH3,99
26,Intro to Post-Teen Pop,6o6MNYZqHSkMAKcCHPNu7K,pop,post-teen pop,https://open.spotify.com/playlist/6o6MNYZqHSkMAKcCHPNu7K,99
27,ü§©ü§™Post Teen Popü§™ü§©,6IT8LGpwLw3Pt2XnVUBN7j,pop,post-teen pop,https://open.spotify.com/playlist/6IT8LGpwLw3Pt2XnVUBN7j,99
28,Someone You Loved Lewis Capaldi (Pop Music Mix),6IErGHjBfhey8URq0mFnPi,pop,post-teen pop,https://open.spotify.com/playlist/6IErGHjBfhey8URq0mFnPi,99
29,Dr. Q's Prescription Playlistüíä,6jAPdgY9XmxC9cgkXAVmVv,pop,post-teen pop,https://open.spotify.com/playlist/6jAPdgY9XmxC9cgkXAVmVv,99
30,a taste of the mainstream,4gbXqmZDUFHqlaYjf4uVyS,pop,post-teen pop,https://open.spotify.com/playlist/4gbXqmZDUFHqlaYjf4uVyS,99
31,post teen pop,2ltt5ouiEO301o2jbxn30d,pop,post-teen pop,https://open.spotify.com/playlist/2ltt5ouiEO301o2jbxn30d,99
32,BALLARE - ÿ±ŸÇÿµ,1CMvQ4Yr5DlYvYzI0Vc2UE,pop,post-teen pop,https://open.spotify.com/playlist/1CMvQ4Yr5DlYvYzI0Vc2UE,99
33,Post Teen Pop,2Aud8PXoTGcyY5esHu4Aaz,pop,post-teen pop,https://open.spotify.com/playlist/2Aud8PXoTGcyY5esHu4Aaz,99
34,post teen pop,45AKTTGQEfYgAyidW5hucn,pop,post-teen pop,https://open.spotify.com/playlist/45AKTTGQEfYgAyidW5hucn,99
35,post teen pop,6rjxP7GQKoqqgoakzxl3PY,pop,post-teen pop,https://open.spotify.com/playlist/6rjxP7GQKoqqgoakzxl3PY,99
36,Post-Teen Pop,6HprqD6WZMx5peClrxaprN,pop,post-teen pop,https://open.spotify.com/playlist/6HprqD6WZMx5peClrxaprN,99
37,post teen pop,3kvwJXPULhSUalL6ykJbn5,pop,post-teen pop,https://open.spotify.com/playlist/3kvwJXPULhSUalL6ykJbn5,99
38,Post-teen pop,2KyjkYsSsC1UR75b0m98vd,pop,post-teen pop,https://open.spotify.com/playlist/2KyjkYsSsC1UR75b0m98vd,99
39,post-teen pop,4TvZA7Pml7mHLgbwNomlnm,pop,post-teen pop,https://open.spotify.com/playlist/4TvZA7Pml7mHLgbwNomlnm,99
40,Electro Pop | Electropop,2a5i2ZtEXGKwVGL16J8N0p,pop,electropop,https://open.spotify.com/playlist/2a5i2ZtEXGKwVGL16J8N0p,99
41,Electropop Hits  2017-2020,7kyvBmlc1uSqsTL0EuNLrx,pop,electropop,https://open.spotify.com/playlist/7kyvBmlc1uSqsTL0EuNLrx,99
42,Electropop 2019,4Bi8VLtaSu0JILliif8lH6,pop,electropop,https://open.spotify.com/playlist/4Bi8VLtaSu0JILliif8lH6,99
43,ELECTROPOP,2UsEj2GUukV0GLbsE3rldz,pop,electropop,https://open.spotify.com/playlist/2UsEj2GUukV0GLbsE3rldz,99
44,This Is: Javiera Mena,37i9dQZF1DWSOvcBNdfJ87,pop,electropop,https://open.spotify.com/playlist/37i9dQZF1DWSOvcBNdfJ87,99
45,ElectroPop 2020,4frhr6RQM2fMOm2mpvOVo6,pop,electropop,https://open.spotify.com/playlist/4frhr6RQM2fMOm2mpvOVo6,99
46,Electropop - Pop,5TiiHps0hNCyQ6ijVkNZQs,pop,electropop,https://open.spotify.com/playlist/5TiiHps0hNCyQ6ijVkNZQs,99
47,This Is Janelle Mon√°e,37i9dQZF1DWVT93EW7kPT9,pop,electropop,https://open.spotify.com/playlist/37i9dQZF1DWVT93EW7kPT9,99
48,ELECTROPOPüêπ,44p8nNLe4fGfUeArS3MaIX,pop,electropop,https://open.spotify.com/playlist/44p8nNLe4fGfUeArS3MaIX,99
49,Electropop 80/90s,3FBD3d5zl74LaoBMVC4IXq,pop,electropop,https://open.spotify.com/playlist/3FBD3d5zl74LaoBMVC4IXq,99
50,Electropop,2Z5cPJ6Z4EVZAfF08amjvL,pop,electropop,https://open.spotify.com/playlist/2Z5cPJ6Z4EVZAfF08amjvL,99
51,Electropop And Play,7p30DzTAgW6OhspSXHTI88,pop,electropop,https://open.spotify.com/playlist/7p30DzTAgW6OhspSXHTI88,99
52,Mix ElectroPop//ElectroHouse// DeepHouse 2020,23swqzpOZwW1NhPiZ7iyFI,pop,electropop,https://open.spotify.com/playlist/23swqzpOZwW1NhPiZ7iyFI,99
53,ELECTROPOP EN ESPA√ëOL,3VfscqF7zq65IGKiYM3FS0,pop,electropop,https://open.spotify.com/playlist/3VfscqF7zq65IGKiYM3FS0,99
54,"Maxi Pop  GOLD (New Wave, Electropop, Synth Pop...)",2nRWtTI9a2LWjJ9Wy3JZs5,pop,electropop,https://open.spotify.com/playlist/2nRWtTI9a2LWjJ9Wy3JZs5,99
55,Gothic / Industrial / Mittelalter / EBM / Futurepop / Gothik / Electropop,53CmFroG6MWR5reOOXJX6B,pop,electropop,https://open.spotify.com/playlist/53CmFroG6MWR5reOOXJX6B,99
56,80's Songs | Top üíØ 80s Music Hits,65HtIbyFkaQPflCa4oW8KO,pop,electropop,https://open.spotify.com/playlist/65HtIbyFkaQPflCa4oW8KO,99
57,GTA V - Radio Mirror Park,31R7Gd07KsDafqJEeL4Hqr,pop,electropop,https://open.spotify.com/playlist/31R7Gd07KsDafqJEeL4Hqr,99
58,ElectroPop,0cuHKz65ZPqBX1brG8djlg,pop,electropop,https://open.spotify.com/playlist/0cuHKz65ZPqBX1brG8djlg,99
59,10er Playlist,1kEczIkZH8IgaWT2BiApxZ,pop,electropop,https://open.spotify.com/playlist/1kEczIkZH8IgaWT2BiApxZ,99
60,"Indie Poptimism (PUBLIC, The Band CAMINO, lovelytheband)",69yb02k0ZOmukYaxJXwp76,pop,indie poptimism,https://open.spotify.com/playlist/69yb02k0ZOmukYaxJXwp76,99
61,Chillout & Remixes üíú,4NlAd9NpIa92IjErMyAriM,pop,indie poptimism,https://open.spotify.com/playlist/4NlAd9NpIa92IjErMyAriM,99
62,POPTIMISM,6lWMi4lPiiPwDqn8ZpeyAY,pop,indie poptimism,https://open.spotify.com/playlist/6lWMi4lPiiPwDqn8ZpeyAY,99
63,The Sound of Indie Poptimism,7nHgmv7uyIA1KHj6qTttjH,pop,indie poptimism,https://open.spotify.com/playlist/7nHgmv7uyIA1KHj6qTttjH,99
64,Indie/Jazz Poptimism,6OaTudLqBEuTyUMPxRNpZc,pop,indie poptimism,https://open.spotify.com/playlist/6OaTudLqBEuTyUMPxRNpZc,99
65,The Edge of Indie Poptimism,5vIdb67lQcdFwoVkE4UMep,pop,indie poptimism,https://open.spotify.com/playlist/5vIdb67lQcdFwoVkE4UMep,99
66,2019 in Indie Poptimism,16RNbqnNCCLlBJti7JU5nc,pop,indie poptimism,https://open.spotify.com/playlist/16RNbqnNCCLlBJti7JU5nc,99
67,Indie Poptimism,1pZWCY50kMUhshcESknir8,pop,indie poptimism,https://open.spotify.com/playlist/1pZWCY50kMUhshcESknir8,99
68,A Loose Definition of Indie Poptimism,4ZO0wp9G8FA3X6oYNBzda6,pop,indie poptimism,https://open.spotify.com/playlist/4ZO0wp9G8FA3X6oYNBzda6,99
69,Intro to Indie Poptimism,6Ylmweq4pT7j3ScIv5uq1c,pop,indie poptimism,https://open.spotify.com/playlist/6Ylmweq4pT7j3ScIv5uq1c,99
70,indie poptimismüï∫üèª,6MQeEHHDs6HQkN5Dlj3oKo,pop,indie poptimism,https://open.spotify.com/playlist/6MQeEHHDs6HQkN5Dlj3oKo,99
71,The Pulse of Indie Poptimism,5qFXOOxrQVyS4UCq3UilZN,pop,indie poptimism,https://open.spotify.com/playlist/5qFXOOxrQVyS4UCq3UilZN,99
72,random playlist that can't decide its genre so go ahead jam along with these catchy tunes,49qyKvg6UAQAvIMUIGMnP3,pop,indie poptimism,https://open.spotify.com/playlist/49qyKvg6UAQAvIMUIGMnP3,99
73,Indie Poptimism,7Ic1UwucK3ozdycPBIPVSR,pop,indie poptimism,https://open.spotify.com/playlist/7Ic1UwucK3ozdycPBIPVSR,99
74,Indie Poptimism!,4hKPJNFIhdAg4pAksn78FJ,pop,indie poptimism,https://open.spotify.com/playlist/4hKPJNFIhdAg4pAksn78FJ,99
75,indie poptimism,1E5VdGGWkpDQ682gdvJAZH,pop,indie poptimism,https://open.spotify.com/playlist/1E5VdGGWkpDQ682gdvJAZH,99
76,Indie Poptimism,2QiMewRbSavfZ9MSAYz2h6,pop,indie poptimism,https://open.spotify.com/playlist/2QiMewRbSavfZ9MSAYz2h6,99
77,Music&Other Drugs,5jROYSZSL7cO0jGAqkPx7C,pop,indie poptimism,https://open.spotify.com/playlist/5jROYSZSL7cO0jGAqkPx7C,99
78,Deep-deep Bubble Pop,744VClUYfFnZCDPcOUkg5G,pop,indie poptimism,https://open.spotify.com/playlist/744VClUYfFnZCDPcOUkg5G,99
79,Indie Poptimism,21nxmipQe5xtXoHHPaYfnY,pop,indie poptimism,https://open.spotify.com/playlist/21nxmipQe5xtXoHHPaYfnY,99
80,RapCaviar,37i9dQZF1DX0XUsuxWHRQd,rap,hip hop,https://open.spotify.com/playlist/37i9dQZF1DX0XUsuxWHRQd,3
81,Jazz Vibes,37i9dQZF1DX0SM0LYsmbMT,rap,hip hop,https://open.spotify.com/playlist/37i9dQZF1DX0SM0LYsmbMT,3
82,Lush Lofi,37i9dQZF1DXc8kgYqQLMfH,rap,hip hop,https://open.spotify.com/playlist/37i9dQZF1DXc8kgYqQLMfH,3
83,RAP 91,37i9dQZF1DX1ct2TQrAvRf,rap,hip hop,https://open.spotify.com/playlist/37i9dQZF1DX1ct2TQrAvRf,3
84,Lo-Fi Beats,37i9dQZF1DWWQRwui0ExPn,rap,hip hop,https://open.spotify.com/playlist/37i9dQZF1DWWQRwui0ExPn,3
85,Hip-Hop Central,37i9dQZF1DWY6tYEFs22tT,rap,hip hop,https://open.spotify.com/playlist/37i9dQZF1DWY6tYEFs22tT,3
86,Generacja Hip Hop,37i9dQZF1DWXJnyndhASBe,rap,hip hop,https://open.spotify.com/playlist/37i9dQZF1DWXJnyndhASBe,3
87,Hip-Hop Drive,37i9dQZF1DWUFmyho2wkQU,rap,hip hop,https://open.spotify.com/playlist/37i9dQZF1DWUFmyho2wkQU,3
88,Hip Hop Controller,37i9dQZF1DWT5MrZnPU1zD,rap,hip hop,https://open.spotify.com/playlist/37i9dQZF1DWT5MrZnPU1zD,3
89,Hip-Hop Favourites,37i9dQZF1DX48TTZL62Yht,rap,hip hop,https://open.spotify.com/playlist/37i9dQZF1DX48TTZL62Yht,3
90,A1 Hip-Hop,37i9dQZF1DX0sDai2F5jCQ,rap,hip hop,https://open.spotify.com/playlist/37i9dQZF1DX0sDai2F5jCQ,3
91,Hip-Hop Mixtape,37i9dQZF1DWVdgXTbYm2r0,rap,hip hop,https://open.spotify.com/playlist/37i9dQZF1DWVdgXTbYm2r0,3
92,DK rap,37i9dQZF1DXdhDukKQ88Cc,rap,hip hop,https://open.spotify.com/playlist/37i9dQZF1DXdhDukKQ88Cc,3
93,This Is Logic,37i9dQZF1DWTIuAboZgTMf,rap,hip hop,https://open.spotify.com/playlist/37i9dQZF1DWTIuAboZgTMf,3
94,Lofi Hip-Hop,37i9dQZF1DX36Xw4IJIVKA,rap,hip hop,https://open.spotify.com/playlist/37i9dQZF1DX36Xw4IJIVKA,3
95,Rap Workout,37i9dQZF1DX76t638V6CA8,rap,hip hop,https://open.spotify.com/playlist/37i9dQZF1DX76t638V6CA8,3
96,Alternative Hip Hop,37i9dQZF1DWTggY0yqBxES,rap,hip hop,https://open.spotify.com/playlist/37i9dQZF1DWTggY0yqBxES,3
97,Modus Mio,37i9dQZF1DX36edUJpD76c,rap,hip hop,https://open.spotify.com/playlist/37i9dQZF1DX36edUJpD76c,3
98,Hip Te Hop,37i9dQZF1DWTqYqGLu7kTX,rap,hip hop,https://open.spotify.com/playlist/37i9dQZF1DWTqYqGLu7kTX,3
99,Arena Hip-Hop,37i9dQZF1DWVFZbCNivv6B,rap,hip hop,https://open.spotify.com/playlist/37i9dQZF1DWVFZbCNivv6B,3
100,Southern Hip Hop,4lcyWQDOzPfcbZrcBI3FOW,rap,southern hip hop,https://open.spotify.com/playlist/4lcyWQDOzPfcbZrcBI3FOW,3
101,Southern California Hip Hop Primer,206vi9Q0p3juAU73flxPsz,rap,southern hip hop,https://open.spotify.com/playlist/206vi9Q0p3juAU73flxPsz,3
102,Dirty South Rap Classics by DJ HOTSAUCE,0tLHH1C4HkWEUCXXSSjbOe,rap,southern hip hop,https://open.spotify.com/playlist/0tLHH1C4HkWEUCXXSSjbOe,3
103,90's Southern Hip Hop,2NMW1nwQYSVlXd26uLenX6,rap,southern hip hop,https://open.spotify.com/playlist/2NMW1nwQYSVlXd26uLenX6,3
104,90s-2000s Southern Hip Hop / Crunk,5wsWBmQgDtKa8CEg7wTEMi,rap,southern hip hop,https://open.spotify.com/playlist/5wsWBmQgDtKa8CEg7wTEMi,3
105,Viral Southern Hip Hop,0DdGqNa18DwYyfIR05OrW1,rap,southern hip hop,https://open.spotify.com/playlist/0DdGqNa18DwYyfIR05OrW1,3
106,‚ó§ Hip Hop Dance Music ‚Äì Urban ‚Äì Trap ‚Äì Breaking Locking Popping Bopping ‚Äì WOD ‚Äì World of Dance,0Hr2h94pKN8QAGVAgD6BsD,rap,southern hip hop,https://open.spotify.com/playlist/0Hr2h94pKN8QAGVAgD6BsD,3
107,Badass Rock,44bkJI1QGkT2O0GYJSsbkp,rap,southern hip hop,https://open.spotify.com/playlist/44bkJI1QGkT2O0GYJSsbkp,3
108,The Sound of Southern Hip Hop,18jT9NMRZifv6cMtK2jWD4,rap,southern hip hop,https://open.spotify.com/playlist/18jT9NMRZifv6cMtK2jWD4,3
109,Southern Soul BBQ Mix,3nTS97zUqxJBQeiXNRs963,rap,southern hip hop,https://open.spotify.com/playlist/3nTS97zUqxJBQeiXNRs963,3
110,"üî•üíµ Hip Hop, Rap, Heavy 808's - New School",3jPkaExIWXQWklcmmF5180,rap,southern hip hop,https://open.spotify.com/playlist/3jPkaExIWXQWklcmmF5180,3
111,Minitruckin Playlist,0VVH2Nzj6kBVGK3WIUQMAw,rap,southern hip hop,https://open.spotify.com/playlist/0VVH2Nzj6kBVGK3WIUQMAw,3
112,Hip-Hop 'n RnB,0275i1VNfBnsNbPl0QIBpG,rap,southern hip hop,https://open.spotify.com/playlist/0275i1VNfBnsNbPl0QIBpG,3
113,90's Hip Hop Ultimate Collection,4IG024zoaGMurhTFBkMAv9,rap,southern hip hop,https://open.spotify.com/playlist/4IG024zoaGMurhTFBkMAv9,3
114,HIP&HOP,5DyJsJZOpMJh34WvUrQzMV,rap,southern hip hop,https://open.spotify.com/playlist/5DyJsJZOpMJh34WvUrQzMV,3
115,Southern Hip Hop,3R5c1OfJY7Rzl3p28pzGtL,rap,southern hip hop,https://open.spotify.com/playlist/3R5c1OfJY7Rzl3p28pzGtL,3
116,Contemporary Hip Hop,68y3WoFJMMKDHUIpqCnoM3,rap,southern hip hop,https://open.spotify.com/playlist/68y3WoFJMMKDHUIpqCnoM3,3
117,3rd Coast Classics,1QJ66s6YBZgxMUaVUyrhbo,rap,southern hip hop,https://open.spotify.com/playlist/1QJ66s6YBZgxMUaVUyrhbo,3
118,Southern Hip Hop,57sYMLFXGD4ZqizzcMD7lz,rap,southern hip hop,https://open.spotify.com/playlist/57sYMLFXGD4ZqizzcMD7lz,3
119,Southern soul & hip hop,4xJULuV0P5PLcMe3xP8Pgj,rap,southern hip hop,https://open.spotify.com/playlist/4xJULuV0P5PLcMe3xP8Pgj,3
120,Gangster Rap,5joQabz9ys3XPGbSx5CaKv,rap,gangster rap,https://open.spotify.com/playlist/5joQabz9ys3XPGbSx5CaKv,3
121,Gangster Rap Workout,0ZRwrJ2EDGyKR6YgQPWXeO,rap,gangster rap,https://open.spotify.com/playlist/0ZRwrJ2EDGyKR6YgQPWXeO,3
122,Russian Gangster Rap,0u0qLLE8MZc679RZWCk1TT,rap,gangster rap,https://open.spotify.com/playlist/0u0qLLE8MZc679RZWCk1TT,3
123,Gangster Rap | 100 % Gangster,2e0d7otcM1oyecfi3zZPWk,rap,gangster rap,https://open.spotify.com/playlist/2e0d7otcM1oyecfi3zZPWk,3
124,Gangsta Rap/90's Hip-Hop,39IFMVQdRNdb7kVfyTvHjM,rap,gangster rap,https://open.spotify.com/playlist/39IFMVQdRNdb7kVfyTvHjM,3
125,Gangster Rap Deutsch,1qXg9ck25tBRxeXsj8mbDG,rap,gangster rap,https://open.spotify.com/playlist/1qXg9ck25tBRxeXsj8mbDG,3
126,GTA San Andreas Radio Los Santos,6m0BqpJfSP2m5xCOFjDRHw,rap,gangster rap,https://open.spotify.com/playlist/6m0BqpJfSP2m5xCOFjDRHw,3
127,90s Hiphop / Gangsta Rap,5yGuoOwRQF3o8NVRRlvCj7,rap,gangster rap,https://open.spotify.com/playlist/5yGuoOwRQF3o8NVRRlvCj7,3
128,Gangsta Rap üíé Rap Party,0BwUQpqHSlC2YfKwOp2dQV,rap,gangster rap,https://open.spotify.com/playlist/0BwUQpqHSlC2YfKwOp2dQV,3
129,Oldschool Gangsta Rap üëë,0t9TeyXE2mWe70JT3YwSoH,rap,gangster rap,https://open.spotify.com/playlist/0t9TeyXE2mWe70JT3YwSoH,3
130,GANGSTA Rap,5GA8GDo7RQC3JEanT81B3g,rap,gangster rap,https://open.spotify.com/playlist/5GA8GDo7RQC3JEanT81B3g,3
131,90's Gangster Rap,1g3APxk2mLVNU2TuHCPli0,rap,gangster rap,https://open.spotify.com/playlist/1g3APxk2mLVNU2TuHCPli0,3
132,RAP Gangsta,1Z1gW89x4MSBjkvVjGg7DQ,rap,gangster rap,https://open.spotify.com/playlist/1Z1gW89x4MSBjkvVjGg7DQ,3
133,RUSSIAN Gangster Rap,0Jw0HckkxCfIrOvpN081eV,rap,gangster rap,https://open.spotify.com/playlist/0Jw0HckkxCfIrOvpN081eV,3
134,Gangsta Rap/90's Hip-Hop,62spXXfUxBed8nbd5xvH2O,rap,gangster rap,https://open.spotify.com/playlist/62spXXfUxBed8nbd5xvH2O,3
135,GANGSTA RAP,3DUkl93JjPdOyX83SJr5ms,rap,gangster rap,https://open.spotify.com/playlist/3DUkl93JjPdOyX83SJr5ms,3
136,90s Gangsta Rap / Top Hip-hop Classics,0C2zyPdlkbWHrwVg9gqNdU,rap,gangster rap,https://open.spotify.com/playlist/0C2zyPdlkbWHrwVg9gqNdU,3
137,Mexican Gangsta Rap,28Ke4pXWqF2A5b2GfQ1pQt,rap,gangster rap,https://open.spotify.com/playlist/28Ke4pXWqF2A5b2GfQ1pQt,3
138,Rap Party 24/7 Radio / Gangsta Rap,4sGnz2x5tbHE2YlW1nemfb,rap,gangster rap,https://open.spotify.com/playlist/4sGnz2x5tbHE2YlW1nemfb,3
139,< DARK TRAP >,19WuHd4MxWLzE1fpMmw4S4,rap,gangster rap,https://open.spotify.com/playlist/19WuHd4MxWLzE1fpMmw4S4,3
140,Zona Trap,37i9dQZF1DWXU2naFUn37x,rap,trap,https://open.spotify.com/playlist/37i9dQZF1DWXU2naFUn37x,3
141,Trapperz Brasil,37i9dQZF1DWWr5uieiPUVM,rap,trap,https://open.spotify.com/playlist/37i9dQZF1DWWr5uieiPUVM,3
142,Trap Land,37i9dQZF1DXde9tuMHuIsj,rap,trap,https://open.spotify.com/playlist/37i9dQZF1DXde9tuMHuIsj,3
143,Trap strefa,37i9dQZF1DWY3UKS6jvnxr,rap,trap,https://open.spotify.com/playlist/37i9dQZF1DWY3UKS6jvnxr,3
144,Trapperz,37i9dQZF1DWUmxBdWX3Pp4,rap,trap,https://open.spotify.com/playlist/37i9dQZF1DWUmxBdWX3Pp4,3
145,Trap Nation,0NCspsyf0OS4BsPgGhkQXM,rap,trap,https://open.spotify.com/playlist/0NCspsyf0OS4BsPgGhkQXM,3
146,Flow Selecto,37i9dQZF1DX4OjfOteYnH8,rap,trap,https://open.spotify.com/playlist/37i9dQZF1DX4OjfOteYnH8,3
147,Trapperz Argentina,37i9dQZF1DWXrVH01e3PIE,rap,trap,https://open.spotify.com/playlist/37i9dQZF1DWXrVH01e3PIE,3
148,Trap Mojito,37i9dQZF1DX1OIMC8iDi74,rap,trap,https://open.spotify.com/playlist/37i9dQZF1DX1OIMC8iDi74,3
149,Trap Ouro,37i9dQZF1DWYBXtbGSCurj,rap,trap,https://open.spotify.com/playlist/37i9dQZF1DWYBXtbGSCurj,3
150,Trap Funk,37i9dQZF1DWTGaQ84g8alz,rap,trap,https://open.spotify.com/playlist/37i9dQZF1DWTGaQ84g8alz,3
151,Trap Rewind,37i9dQZF1DX0JcH25923HT,rap,trap,https://open.spotify.com/playlist/37i9dQZF1DX0JcH25923HT,3
152,Arabic Trap,37i9dQZF1DXcC6YLqj8ET8,rap,trap,https://open.spotify.com/playlist/37i9dQZF1DXcC6YLqj8ET8,3
153,Sad Trap,7kzKtw5vug3IIxKfLadi8A,rap,trap,https://open.spotify.com/playlist/7kzKtw5vug3IIxKfLadi8A,3
154,Dose Trap,37i9dQZF1DWWlW7KLhEhCZ,rap,trap,https://open.spotify.com/playlist/37i9dQZF1DWWlW7KLhEhCZ,3
155,Trap Nation üîä,5aPwKjwNHr6dnCejLcPTVx,rap,trap,https://open.spotify.com/playlist/5aPwKjwNHr6dnCejLcPTVx,3
156,Trap Argentino - Trap Argentina,6ltss0ThreZ3uIMn5mr4Tm,rap,trap,https://open.spotify.com/playlist/6ltss0ThreZ3uIMn5mr4Tm,3
157,Trap Luv,37i9dQZF1DWTLxOkM7PwUb,rap,trap,https://open.spotify.com/playlist/37i9dQZF1DWTLxOkM7PwUb,3
158,Trap 2020 üî•,37DFLy7lqF3qiR99Ss2ZGR,rap,trap,https://open.spotify.com/playlist/37DFLy7lqF3qiR99Ss2ZGR,3
159,Trap Americana,7tkgK1tm9hYkWp7EFyOcAr,rap,trap,https://open.spotify.com/playlist/7tkgK1tm9hYkWp7EFyOcAr,3
160,This Is Guns N' Roses,37i9dQZF1DX74DnfGTwugU,rock,album rock,https://open.spotify.com/playlist/37i9dQZF1DX74DnfGTwugU,4
161,Michael Learns To Rock album,22XKr7O6bzSA5bHiwRCPNK,rock,album rock,https://open.spotify.com/playlist/22XKr7O6bzSA5bHiwRCPNK,4
162,The Black Album,0KNLLunbFh9XgitPMOGmQg,rock,album rock,https://open.spotify.com/playlist/0KNLLunbFh9XgitPMOGmQg,4
163,City Pop 1985 „Ç∑„ÉÜ„Ç£„Éº„Éù„ÉÉ„Éó,3j2osvmecEao5nmo9jZ5df,rock,album rock,https://open.spotify.com/playlist/3j2osvmecEao5nmo9jZ5df,4
164,The Cranberries Best Of,4E3K9oQgvLcKEz0wgBBXxD,rock,album rock,https://open.spotify.com/playlist/4E3K9oQgvLcKEz0wgBBXxD,4
165,Vault: Def Leppard Greatest Hits,6BKqPGcrFMy6TczW0R5Vsz,rock,album rock,https://open.spotify.com/playlist/6BKqPGcrFMy6TczW0R5Vsz,4
166,80s Pop & Rock Hits and Album Tracks,0XOIK4m26aeYSD61E5nSVW,rock,album rock,https://open.spotify.com/playlist/0XOIK4m26aeYSD61E5nSVW,4
167,Rock and Rios,2gpKfzXEi8QWvgBNPDPk5R,rock,album rock,https://open.spotify.com/playlist/2gpKfzXEi8QWvgBNPDPk5R,4
168,Progressive Rock / Metal - Rock /Metal  Progresivo,7GhTpb4eOp6403Bmgqz3db,rock,album rock,https://open.spotify.com/playlist/7GhTpb4eOp6403Bmgqz3db,4
169,Mega Rock Ballads: The Best Slow Rock Compilation Ever !,6LJtRKgDpzM8ZbbwC0jLhe,rock,album rock,https://open.spotify.com/playlist/6LJtRKgDpzM8ZbbwC0jLhe,4
170,House Of The Rising Sun,1bMYfBHYBCRHY5LGkjlpSy,rock,album rock,https://open.spotify.com/playlist/1bMYfBHYBCRHY5LGkjlpSy,4
171,Coldplay ‚Äì Ghost Stories (Deluxe Edition),6h9DHd1pHHiK84cQqJZyIp,rock,album rock,https://open.spotify.com/playlist/6h9DHd1pHHiK84cQqJZyIp,4
172,70s Pop & Rock Hits and Deep Tracks,1uKFRCQYci8kVgMy3xzTVH,rock,album rock,https://open.spotify.com/playlist/1uKFRCQYci8kVgMy3xzTVH,4
173,L' ALBUM ROCK,0jilq2XZP9F2fwzp2k6iXK,rock,album rock,https://open.spotify.com/playlist/0jilq2XZP9F2fwzp2k6iXK,4
174,ONE OK ROCK with Orchestra Japan Tour 2018 Setlist,2gt9IfM8ASNiDzqg5jKyR5,rock,album rock,https://open.spotify.com/playlist/2gt9IfM8ASNiDzqg5jKyR5,4
175,The Queen - La Discografia Completa,3E88dLx4fgFYY70gdGzdnB,rock,album rock,https://open.spotify.com/playlist/3E88dLx4fgFYY70gdGzdnB,4
176,Soda Stereo ‚Äì El Ultimo Concierto,3opIxv3Y5GmXDNpbLFZxIm,rock,album rock,https://open.spotify.com/playlist/3opIxv3Y5GmXDNpbLFZxIm,4
177,Nikki Sixx's Top Pixx,5d1arTPDEr76KMg9geDinZ,rock,album rock,https://open.spotify.com/playlist/5d1arTPDEr76KMg9geDinZ,4
178,The Sound of Album Rock,3yj9YnQGTdnFuKbDyXGDi6,rock,album rock,https://open.spotify.com/playlist/3yj9YnQGTdnFuKbDyXGDi6,4
179,Caifanes La Historia,3kysJw7lvVwSoOaL0KyW94,rock,album rock,https://open.spotify.com/playlist/3kysJw7lvVwSoOaL0KyW94,4
180,Rock Classics,37i9dQZF1DWXRqgorJj26U,rock,classic rock,https://open.spotify.com/playlist/37i9dQZF1DWXRqgorJj26U,4
181,Classic Rock,5BygwTQ3OrbiwVsQhXFHMz,rock,classic rock,https://open.spotify.com/playlist/5BygwTQ3OrbiwVsQhXFHMz,4
182,Classic Rock Drive,37i9dQZF1DXdOEFt9ZX0dh,rock,classic rock,https://open.spotify.com/playlist/37i9dQZF1DXdOEFt9ZX0dh,4
183,Classic Rock Workout,37i9dQZF1DWYNSm3Z3MxiM,rock,classic rock,https://open.spotify.com/playlist/37i9dQZF1DWYNSm3Z3MxiM,4
184,Pinoy Classic Rock,37i9dQZF1DWYDQ8wBxd7xt,rock,classic rock,https://open.spotify.com/playlist/37i9dQZF1DWYDQ8wBxd7xt,4
185,Classic Rock Now,37i9dQZF1DX0fWtUuB7bFE,rock,classic rock,https://open.spotify.com/playlist/37i9dQZF1DX0fWtUuB7bFE,4
186,Soft Rock Drive,37i9dQZF1DX6TIU4D13lOY,rock,classic rock,https://open.spotify.com/playlist/37i9dQZF1DX6TIU4D13lOY,4
187,Supernatural Classic Rock,6oghIlByD49KFGNmNU8GSH,rock,classic rock,https://open.spotify.com/playlist/6oghIlByD49KFGNmNU8GSH,4
188,Classic Rock Legends,3NcxM1LJJdua8AcRxtijNY,rock,classic rock,https://open.spotify.com/playlist/3NcxM1LJJdua8AcRxtijNY,4
189,"Classic Rock 70s 80s 90s, Rock Classics - 70s Rock, 80s Rock, 90s Rock Rock  Classicos",3Ho3iO0iJykgEQNbjB2sic,rock,classic rock,https://open.spotify.com/playlist/3Ho3iO0iJykgEQNbjB2sic,4
190,Southern Rock/Classic Rock,0QUlq0LMDVXSBtbyYLTyZh,rock,classic rock,https://open.spotify.com/playlist/0QUlq0LMDVXSBtbyYLTyZh,4
191,80s / Classic Rock,29dTrOurPDrMcrnio2q6hZ,rock,classic rock,https://open.spotify.com/playlist/29dTrOurPDrMcrnio2q6hZ,4
192,Afro Psychedelica,37i9dQZF1DWVyizF9BJ61m,rock,classic rock,https://open.spotify.com/playlist/37i9dQZF1DWVyizF9BJ61m,4
193,Classic Rock Retrogamer,6gUFdcGzKAHyDXY9TKC6cP,rock,classic rock,https://open.spotify.com/playlist/6gUFdcGzKAHyDXY9TKC6cP,4
194,Workday: Rock Classics,37i9dQZF1DX1lwxXvReaux,rock,classic rock,https://open.spotify.com/playlist/37i9dQZF1DX1lwxXvReaux,4
195,Classic Rock Greatest Hits,6TeyryiZ2UEf3CbLXyztFA,rock,classic rock,https://open.spotify.com/playlist/6TeyryiZ2UEf3CbLXyztFA,4
196,Blues Rock,56dbowk1V5ycS5jW7DSvi5,rock,classic rock,https://open.spotify.com/playlist/56dbowk1V5ycS5jW7DSvi5,4
197,70's Classic Rock,76lrxCrKrGDkDDf3SVPnl3,rock,classic rock,https://open.spotify.com/playlist/76lrxCrKrGDkDDf3SVPnl3,4
198,Classic Rock Radio,4lIywN6kXl9KPm3OQ8u8G7,rock,classic rock,https://open.spotify.com/playlist/4lIywN6kXl9KPm3OQ8u8G7,4
199,Classic Rock Playlist.,7CESj1xKbxdArRzloygvkl,rock,classic rock,https://open.spotify.com/playlist/7CESj1xKbxdArRzloygvkl,4
200,The Sound of Permanent Wave,4EYSGTuqe9cVfSVpX4gtGv,rock,permanent wave,https://open.spotify.com/playlist/4EYSGTuqe9cVfSVpX4gtGv,4
201,Permanent wave,0tOy7ZY4E2PadXIyj8zU43,rock,permanent wave,https://open.spotify.com/playlist/0tOy7ZY4E2PadXIyj8zU43,4
202,"Muse Radio - (Uprising, Starlight, Supermassive Black Hole, Madness)",0dAbaJtkS9st5o0cBe1Zcu,rock,permanent wave,https://open.spotify.com/playlist/0dAbaJtkS9st5o0cBe1Zcu,4
203,Permanent Wave,5Go0Jsxj1UnsU7Om841BEo,rock,permanent wave,https://open.spotify.com/playlist/5Go0Jsxj1UnsU7Om841BEo,4
204,Permanent Wave,2ExyzXAbukW7I8bDqdGvPB,rock,permanent wave,https://open.spotify.com/playlist/2ExyzXAbukW7I8bDqdGvPB,4
205,Permanent wave üåä,0QN4FeJQ1mpCygRg9r2JIK,rock,permanent wave,https://open.spotify.com/playlist/0QN4FeJQ1mpCygRg9r2JIK,4
206,permanent wave,7rPsfDTqiZYIT4PVzQ4c0c,rock,permanent wave,https://open.spotify.com/playlist/7rPsfDTqiZYIT4PVzQ4c0c,4
207,keg party jukebox,4PjiT7SWnUsTTTvKOuR76f,rock,permanent wave,https://open.spotify.com/playlist/4PjiT7SWnUsTTTvKOuR76f,4
208,Permanent Wave,5glAD13obyL0G9SH9ukBz2,rock,permanent wave,https://open.spotify.com/playlist/5glAD13obyL0G9SH9ukBz2,4
209,Intro to Permanent Wave,3QGjcvI9hCZw81NqKq3ZGv,rock,permanent wave,https://open.spotify.com/playlist/3QGjcvI9hCZw81NqKq3ZGv,4
210,Permanent Wave,6dqoVI7qwYLyNqbg0MPad3,rock,permanent wave,https://open.spotify.com/playlist/6dqoVI7qwYLyNqbg0MPad3,4
211,Permanent Wave CHDB,2foj4ZYVHRGqSd1aMqNPBj,rock,permanent wave,https://open.spotify.com/playlist/2foj4ZYVHRGqSd1aMqNPBj,4
212,‚ë°‚ì™‚ë†‚ë® mixed,2bOjjgN1S3Gqd8vSMyafvJ,rock,permanent wave,https://open.spotify.com/playlist/2bOjjgN1S3Gqd8vSMyafvJ,4
213,SNZB PERMANENT WAVE,6CgjYkPIWTxJi8RtPcki02,rock,permanent wave,https://open.spotify.com/playlist/6CgjYkPIWTxJi8RtPcki02,4
214,I didn‚Äôt know perm stood for permanent (wave),3e6gYPyrTbaB8BWgSHCt5j,rock,permanent wave,https://open.spotify.com/playlist/3e6gYPyrTbaB8BWgSHCt5j,4
215,permanent wave,3uFyGoayrP71xS6T6Y8Bh2,rock,permanent wave,https://open.spotify.com/playlist/3uFyGoayrP71xS6T6Y8Bh2,4
216,Modern Indie Rock // Alternative Rock / Garage Rock / Pop Punk / Grunge / Britpop / Pop Rock,1VnvyBDqoV5TCZAnXYferL,rock,permanent wave,https://open.spotify.com/playlist/1VnvyBDqoV5TCZAnXYferL,4
217,Permanent Wave Cafe,0VS9w0NY4KXfLORkhY81s8,rock,permanent wave,https://open.spotify.com/playlist/0VS9w0NY4KXfLORkhY81s8,4
218,"""Permanent Wave""",3HjTMn6O6adW8vcSMnqmhw,rock,permanent wave,https://open.spotify.com/playlist/3HjTMn6O6adW8vcSMnqmhw,4
219,Permanent Wave,03qQtbNHoJuFezRu2CnLuF,rock,permanent wave,https://open.spotify.com/playlist/03qQtbNHoJuFezRu2CnLuF,4
220,Rock Hard,37i9dQZF1DWWJOmJ7nRx0C,rock,hard rock,https://open.spotify.com/playlist/37i9dQZF1DWWJOmJ7nRx0C,4
221,Hard Rock,37i9dQZF1DX1X7WV84927n,rock,hard rock,https://open.spotify.com/playlist/37i9dQZF1DX1X7WV84927n,4
222,‚Äô80s Hard Rock,37i9dQZF1DX68H8ZujdnN7,rock,hard rock,https://open.spotify.com/playlist/37i9dQZF1DX68H8ZujdnN7,4
223,Hard Rock Workout,3YouF0u7waJnolytf9JCXf,rock,hard rock,https://open.spotify.com/playlist/3YouF0u7waJnolytf9JCXf,4
224,Hard Rock Workout,5nOO372uzpOM5rB2bRWfkp,rock,hard rock,https://open.spotify.com/playlist/5nOO372uzpOM5rB2bRWfkp,4
225,This Is Scorpions,37i9dQZF1DWViGKI2U5P2K,rock,hard rock,https://open.spotify.com/playlist/37i9dQZF1DWViGKI2U5P2K,4
226,HARD ROCK CAFE,55ybnG2z8rpTIerRfnCsw6,rock,hard rock,https://open.spotify.com/playlist/55ybnG2z8rpTIerRfnCsw6,4
227,Hard Rock Cafe Classics,3sv5ViKoPDNnZRsklzEGMN,rock,hard rock,https://open.spotify.com/playlist/3sv5ViKoPDNnZRsklzEGMN,4
228,Hard Rock Workout,6kXNv8J3HCYztxjOIUzApv,rock,hard rock,https://open.spotify.com/playlist/6kXNv8J3HCYztxjOIUzApv,4
229,Hard Rock Workout!,5nQrMpkyWmxPX0gk74htMk,rock,hard rock,https://open.spotify.com/playlist/5nQrMpkyWmxPX0gk74htMk,4
230,Classic Hard Rock,1gAeQGQ7hr2q7IYmaejDW6,rock,hard rock,https://open.spotify.com/playlist/1gAeQGQ7hr2q7IYmaejDW6,4
231,Workout Hard Rock,4TG1lzMD9HFvZ9E1Bk6Gnu,rock,hard rock,https://open.spotify.com/playlist/4TG1lzMD9HFvZ9E1Bk6Gnu,4
232,Rock Hubspot,5hvf4yL105Rw6cvCP6AMjM,rock,hard rock,https://open.spotify.com/playlist/5hvf4yL105Rw6cvCP6AMjM,4
233,HARD ROCK Vibes,28817h8FTrRI4V40DqHVaB,rock,hard rock,https://open.spotify.com/playlist/28817h8FTrRI4V40DqHVaB,4
234,New Hard Rock,64BvJcehegyvhqQtV82Ddz,rock,hard rock,https://open.spotify.com/playlist/64BvJcehegyvhqQtV82Ddz,4
235,Rock Ballads 80s 90s | Best Rock Love Songs 80's 90's Music Hits,0y8MUle9Lf8VDNjPsskzJB,rock,hard rock,https://open.spotify.com/playlist/0y8MUle9Lf8VDNjPsskzJB,4
236,70s Hard Rock,6pZlZ20vt3aDjIKw98aBtQ,rock,hard rock,https://open.spotify.com/playlist/6pZlZ20vt3aDjIKw98aBtQ,4
237,Hard Rock Classics 1967-1991 (Party Edition),1NIX36ZFWEtgXSbSNghoue,rock,hard rock,https://open.spotify.com/playlist/1NIX36ZFWEtgXSbSNghoue,4
238,2000's hard rock,0EmGNFBBgqLmvdQGPbgiMp,rock,hard rock,https://open.spotify.com/playlist/0EmGNFBBgqLmvdQGPbgiMp,4
239,Tropical House,37i9dQZF1DX0AMssoUKCz7,latin,tropical,https://open.spotify.com/playlist/37i9dQZF1DX0AMssoUKCz7,99
240,Paraiso Tropical,37i9dQZF1DWYey22ryYM8U,latin,tropical,https://open.spotify.com/playlist/37i9dQZF1DWYey22ryYM8U,99
241,Vibra Tropical,37i9dQZF1DX3fXJqxGjuEP,latin,tropical,https://open.spotify.com/playlist/37i9dQZF1DX3fXJqxGjuEP,99
242,Tropical Vibes,37i9dQZF1DX6RA5ZrA5a23,latin,tropical,https://open.spotify.com/playlist/37i9dQZF1DX6RA5ZrA5a23,99
243,Tropical Vibes,37i9dQZF1DXd8Gn5cSmvFy,latin,tropical,https://open.spotify.com/playlist/37i9dQZF1DXd8Gn5cSmvFy,99
244,Punto Tropical,37i9dQZF1DWZ1FUX6sM67g,latin,tropical,https://open.spotify.com/playlist/37i9dQZF1DWZ1FUX6sM67g,99
245,Orgulho Tropical,37i9dQZF1DWZ8fJXMbebf9,latin,tropical,https://open.spotify.com/playlist/37i9dQZF1DWZ8fJXMbebf9,99
246,Tropical House üèù 2020 Hits,2SRbIs0eBQwHeTP7kErjwo,latin,tropical,https://open.spotify.com/playlist/2SRbIs0eBQwHeTP7kErjwo,99
247,Tropical House üå¥,06zrBJ5cts5aemZmqe80J7,latin,tropical,https://open.spotify.com/playlist/06zrBJ5cts5aemZmqe80J7,99
248,TROPICALüå¥,0TT57Pe3RZNGCy98G1UQpM,latin,tropical,https://open.spotify.com/playlist/0TT57Pe3RZNGCy98G1UQpM,99
249,Tropical Rising,37i9dQZF1DX07X8UDWKEwP,latin,tropical,https://open.spotify.com/playlist/37i9dQZF1DX07X8UDWKEwP,99
250,Sunny Beats,37i9dQZF1DXbtuVQL4zoey,latin,tropical,https://open.spotify.com/playlist/37i9dQZF1DXbtuVQL4zoey,99
251,Tropical Nights,37i9dQZF1DX0ES2mnOVvai,latin,tropical,https://open.spotify.com/playlist/37i9dQZF1DX0ES2mnOVvai,99
252,Tropical Beats,37i9dQZF1DX1bDvyV0IkZ3,latin,tropical,https://open.spotify.com/playlist/37i9dQZF1DX1bDvyV0IkZ3,99
253,Tropical House Remixes üçç Tropical Remixes & Tropical Covers,3YdAwfgQLMS4AN2WjRfRlb,latin,tropical,https://open.spotify.com/playlist/3YdAwfgQLMS4AN2WjRfRlb,99
254,Tropical House 2020,2oivDYqm1dQK4KbwVJTaf6,latin,tropical,https://open.spotify.com/playlist/2oivDYqm1dQK4KbwVJTaf6,99
255,Tropical Morning,0vbtbmyihyvl2MVYrdKdGw,latin,tropical,https://open.spotify.com/playlist/0vbtbmyihyvl2MVYrdKdGw,99
256,Para√≠so Tropical,2v41efarffe6iY8qpMK5Gj,latin,tropical,https://open.spotify.com/playlist/2v41efarffe6iY8qpMK5Gj,99
257,EDM TROPICAL,3pS63EDS40FVGYL41zAcU4,latin,tropical,https://open.spotify.com/playlist/3pS63EDS40FVGYL41zAcU4,99
258,Tropical House Run 190 BPM,37i9dQZF1DWSTc9FdySHtz,latin,tropical,https://open.spotify.com/playlist/37i9dQZF1DWSTc9FdySHtz,99
259,Latin Pop Classics,37i9dQZF1DX6ThddIjWuGT,latin,latin pop,https://open.spotify.com/playlist/37i9dQZF1DX6ThddIjWuGT,99
260,Latin Pop VIP,37i9dQZF1DX1QnNyJOBQBv,latin,latin pop,https://open.spotify.com/playlist/37i9dQZF1DX1QnNyJOBQBv,99
261,Global X,37i9dQZF1DWUxHPh2rEiHr,latin,latin pop,https://open.spotify.com/playlist/37i9dQZF1DWUxHPh2rEiHr,99
262,Latin Pop Rising,37i9dQZF1DX8womvTyUjrN,latin,latin pop,https://open.spotify.com/playlist/37i9dQZF1DX8womvTyUjrN,99
263,LATIN POP 2020 üî• Pop latino actual,2kKzN3kRYDzBctlaWs7CP2,latin,latin pop,https://open.spotify.com/playlist/2kKzN3kRYDzBctlaWs7CP2,99
264,MIX LATIN POP¬∞,6IS6XTdbS9qJZgfjNKgpB8,latin,latin pop,https://open.spotify.com/playlist/6IS6XTdbS9qJZgfjNKgpB8,99
265,This Is Gloria Estefan,37i9dQZF1DXarsfY89zXC6,latin,latin pop,https://open.spotify.com/playlist/37i9dQZF1DXarsfY89zXC6,99
266,Latin Pop antiguo,4BmnnqWEQAamNoVjtjrQJP,latin,latin pop,https://open.spotify.com/playlist/4BmnnqWEQAamNoVjtjrQJP,99
267,Unplugged Hits üì£,5NTm3injIRkUMROsZr3C2O,latin,latin pop,https://open.spotify.com/playlist/5NTm3injIRkUMROsZr3C2O,99
268,Latin Pop Songs,5uOMV7g6vp8WxoqXfkzKaw,latin,latin pop,https://open.spotify.com/playlist/5uOMV7g6vp8WxoqXfkzKaw,99
269,F**KIN PERFECT,3CzQZEf6jmEjDmBIVO9rdR,latin,latin pop,https://open.spotify.com/playlist/3CzQZEf6jmEjDmBIVO9rdR,99
270,Pop Latino 2019 - Mix Canciones Reggaeton & Pop Latino - Pop En Espa√±ol 2019 Musica Para Bailar,5ifDekrUt5lbSIMTSzNNqB,latin,latin pop,https://open.spotify.com/playlist/5ifDekrUt5lbSIMTSzNNqB,99
271,2020 Hits & 2019  Hits ‚Äì Top Global Tracks üî•üî•üî•,4JkkvMpVl4lSioqQjeAL0q,latin,latin pop,https://open.spotify.com/playlist/4JkkvMpVl4lSioqQjeAL0q,99
272,INDIE POP! TUNES,0HD4Pc1PK8fsyKQq9e2U2v,latin,latin pop,https://open.spotify.com/playlist/0HD4Pc1PK8fsyKQq9e2U2v,99
273,RADIO POP CHARTS,6Hbd65HmEAxTJ3cHZNUz2h,latin,latin pop,https://open.spotify.com/playlist/6Hbd65HmEAxTJ3cHZNUz2h,99
274,LATIN POP- DJ GIAN,2v3I1zS56Y0cNHYsOAiCGV,latin,latin pop,https://open.spotify.com/playlist/2v3I1zS56Y0cNHYsOAiCGV,99
275,Fiesta Latina Mix üéàüéâüíÉüèªüï∫üèª‚òÄÔ∏èüèñ,2kY6lVc5EcVfI5WNKmPQQG,latin,latin pop,https://open.spotify.com/playlist/2kY6lVc5EcVfI5WNKmPQQG,99
276,Exitos 2020 - Latin Billboard,0k2IDDkcVyIpIgE6d1woDM,latin,latin pop,https://open.spotify.com/playlist/0k2IDDkcVyIpIgE6d1woDM,99
277,Latin Pop 2019,5wONX0lVyQE5XTxqjTUiUd,latin,latin pop,https://open.spotify.com/playlist/5wONX0lVyQE5XTxqjTUiUd,99
278,Great Pops,5SO7xYih5w8X5FEpKvU7Rt,latin,latin pop,https://open.spotify.com/playlist/5SO7xYih5w8X5FEpKvU7Rt,99
279,Baila Reggaeton,37i9dQZF1DWY7IeIP1cdjF,latin,reggaeton,https://open.spotify.com/playlist/37i9dQZF1DWY7IeIP1cdjF,99
280,Mansi√≥n Reggaet√≥n,37i9dQZF1DWZjqjZMudx9T,latin,reggaeton,https://open.spotify.com/playlist/37i9dQZF1DWZjqjZMudx9T,99
281,Reggaeton 2020 ‚òÄ,7xWuNevFBmwnFEg6wzdCc7,latin,reggaeton,https://open.spotify.com/playlist/7xWuNevFBmwnFEg6wzdCc7,99
282,Reggaeton Classics,37i9dQZF1DX8SfyqmSFDwe,latin,reggaeton,https://open.spotify.com/playlist/37i9dQZF1DX8SfyqmSFDwe,99
283,Perreo City,37i9dQZF1DWUlCmB8llCTB,latin,reggaeton,https://open.spotify.com/playlist/37i9dQZF1DWUlCmB8llCTB,99
284,De Fiesta,37i9dQZF1DWVskFRGurTfg,latin,reggaeton,https://open.spotify.com/playlist/37i9dQZF1DWVskFRGurTfg,99
285,El Ritmo,37i9dQZF1DWVOLXBOylBUZ,latin,reggaeton,https://open.spotify.com/playlist/37i9dQZF1DWVOLXBOylBUZ,99
286,¬°Viva Latino!,37i9dQZF1DX10zKzsJ2jva,latin,reggaeton,https://open.spotify.com/playlist/37i9dQZF1DX10zKzsJ2jva,99
287,Reggaeton De Ayer,37i9dQZF1DWWU6Rfto8Ppm,latin,reggaeton,https://open.spotify.com/playlist/37i9dQZF1DWWU6Rfto8Ppm,99
288,Tusa - Karol G | China - Anuel AA | Estrenos Reggaeton y M√∫sica Urbana 2019,0T47pLnihK4xB8Bk9IQ0Dv,latin,reggaeton,https://open.spotify.com/playlist/0T47pLnihK4xB8Bk9IQ0Dv,99
289,Verano Forever,37i9dQZF1DXdnGF35OawbN,latin,reggaeton,https://open.spotify.com/playlist/37i9dQZF1DXdnGF35OawbN,99
290,Reggaeton Rewind,37i9dQZF1DXco4ODkIraMD,latin,reggaeton,https://open.spotify.com/playlist/37i9dQZF1DXco4ODkIraMD,99
291,REGGAETON ANTIGUO üî•,42E6uFhL4e2nXmbmeigwXb,latin,reggaeton,https://open.spotify.com/playlist/42E6uFhL4e2nXmbmeigwXb,99
292,Academia Reggaet√≥n,37i9dQZF1DXd8p9XRfIfUn,latin,reggaeton,https://open.spotify.com/playlist/37i9dQZF1DXd8p9XRfIfUn,99
293,REGGAETON VIEJO,31hG19URdBvLEpQWKFYfdD,latin,reggaeton,https://open.spotify.com/playlist/31hG19URdBvLEpQWKFYfdD,99
294,Todo Reggaeton,4csIMGPI3aGo3Xy7WG8jBi,latin,reggaeton,https://open.spotify.com/playlist/4csIMGPI3aGo3Xy7WG8jBi,99
295,Reggaeton 2020 üòç üî•,03sDEv7FN58Mb9CJOs1Tgn,latin,reggaeton,https://open.spotify.com/playlist/03sDEv7FN58Mb9CJOs1Tgn,99
296,Reggaeton viejitoüî•,0si5tw70PIgPkY1Eva6V8f,latin,reggaeton,https://open.spotify.com/playlist/0si5tw70PIgPkY1Eva6V8f,99
297,This Is: Don Omar,37i9dQZF1DWYBUdckfg1va,latin,reggaeton,https://open.spotify.com/playlist/37i9dQZF1DWYBUdckfg1va,99
298,latin hip hop,3nH8aytdqNeRbcRCg3dw9q,latin,latin hip hop,https://open.spotify.com/playlist/3nH8aytdqNeRbcRCg3dw9q,99
299,Latin Hip Hop/Freestyle,2MYEUjX0YAI9dxrBDzoCK7,latin,latin hip hop,https://open.spotify.com/playlist/2MYEUjX0YAI9dxrBDzoCK7,99
300,Chicano Rap,3o3xRXWMtBMezk0E3wmtGI,latin,latin hip hop,https://open.spotify.com/playlist/3o3xRXWMtBMezk0E3wmtGI,99
301,Global Top 50 | 2020 Hits,1KNl4AYfgZtOVm9KHkhPTF,latin,latin hip hop,https://open.spotify.com/playlist/1KNl4AYfgZtOVm9KHkhPTF,99
302,Latin Village 2019,3JcJCsvBnRsA6oc7eUYDSB,latin,latin hip hop,https://open.spotify.com/playlist/3JcJCsvBnRsA6oc7eUYDSB,99
303,Urbano: Latino Vibes,0VsVywryrqLhHmsVFVcOAg,latin,latin hip hop,https://open.spotify.com/playlist/0VsVywryrqLhHmsVFVcOAg,99
304,Latest Latin American Hits 2020,51LvliKED7oZNJR8XCiPip,latin,latin hip hop,https://open.spotify.com/playlist/51LvliKED7oZNJR8XCiPip,99
305,Latin Hip Hop & Rap Playlist 2019,6hIDPF658AhRbxr8HN7OeA,latin,latin hip hop,https://open.spotify.com/playlist/6hIDPF658AhRbxr8HN7OeA,99
306,Pop 2009-2011,3gV6KQYZKIuoWml0094vx6,latin,latin hip hop,https://open.spotify.com/playlist/3gV6KQYZKIuoWml0094vx6,99
307,Latin/Hip Hop/Dancehall/Soca,2rg9LCyvaMQvnCE2hVndpR,latin,latin hip hop,https://open.spotify.com/playlist/2rg9LCyvaMQvnCE2hVndpR,99
308,80's Freestyle/Disco Dance Party (Set Crossfade to 4-Seconds),1oReEujyWpQv2OX68BVPPA,latin,latin hip hop,https://open.spotify.com/playlist/1oReEujyWpQv2OX68BVPPA,99
309,Today's Hits 2000-Present,6a66cg3HcsjYkisYyQcov6,latin,latin hip hop,https://open.spotify.com/playlist/6a66cg3HcsjYkisYyQcov6,99
310,VidaLoca - Latin / Raggaeton / Hip Hop ¬©,7EPbNmUW9nkRplDLSN9te4,latin,latin hip hop,https://open.spotify.com/playlist/7EPbNmUW9nkRplDLSN9te4,99
311,üî•ü¶Å GOOD VIBES ONLY ü¶Åüî• // BROEDERLIEFDE || FRENNA || BROEDERS || HENKIE T  || BIZZEY || POKE \\,1d0fonZHpN4LYHTKbmNRbm,latin,latin hip hop,https://open.spotify.com/playlist/1d0fonZHpN4LYHTKbmNRbm,99
312,LATIN FLOW MIX - M√∫sica Cristianaüéµ,396llvvFOIB9jgPg0kqNDb,latin,latin hip hop,https://open.spotify.com/playlist/396llvvFOIB9jgPg0kqNDb,99
313,"Hot Latino Mix (Latin, Hip Hop, Rap, RnB, Dancehall, Reggeaton, Afro)",3hR2R6szlkwZeGyclTgHcF,latin,latin hip hop,https://open.spotify.com/playlist/3hR2R6szlkwZeGyclTgHcF,99
314,HIP-HOP: Latin Rap ['89-present],5fWgI0IJ1el5NB1sZ0Egsx,latin,latin hip hop,https://open.spotify.com/playlist/5fWgI0IJ1el5NB1sZ0Egsx,99
315,School Dance 2019 (Squeaky Clean),0SqaMfNsngZCpPw0UuelA7,latin,latin hip hop,https://open.spotify.com/playlist/0SqaMfNsngZCpPw0UuelA7,99
316,Los Cangri,2hTs6GuPwhmg4ApNqxWXLE,latin,latin hip hop,https://open.spotify.com/playlist/2hTs6GuPwhmg4ApNqxWXLE,99
317,New Hip Hop‚Äè‚Äè‚Äã‚Äã   ‚Äç,5WNUX6jisX0NRlVDTm6RDd,r&b,urban contemporary,https://open.spotify.com/playlist/5WNUX6jisX0NRlVDTm6RDd,99
318,Contemporary Urban,6wyJ4bsjZaUKa9f6GeZlAO,r&b,urban contemporary,https://open.spotify.com/playlist/6wyJ4bsjZaUKa9f6GeZlAO,99
319,URBAN NATION,4EKXjB5zlv2DpTS84h407H,r&b,urban contemporary,https://open.spotify.com/playlist/4EKXjB5zlv2DpTS84h407H,99
320,Most Popular 2020 TOP 50,1fqkbjEACMlekdddm5aobE,r&b,urban contemporary,https://open.spotify.com/playlist/1fqkbjEACMlekdddm5aobE,99
321,New R&B‚Äè‚Äè‚Äã‚Äã   ‚Äç,4I6rTSxqKl1LRvES2O9owQ,r&b,urban contemporary,https://open.spotify.com/playlist/4I6rTSxqKl1LRvES2O9owQ,99
322,Top Urban Underground,4Gc9TFxlqmoe50m9Yy78ei,r&b,urban contemporary,https://open.spotify.com/playlist/4Gc9TFxlqmoe50m9Yy78ei,99
323,Urban Contemporary,4Pbs84EQbuAblxlp6Chz0d,r&b,urban contemporary,https://open.spotify.com/playlist/4Pbs84EQbuAblxlp6Chz0d,99
324,The Sound of Urban Contemporary,07zF8MjQPsiYUXiAIGZ5TA,r&b,urban contemporary,https://open.spotify.com/playlist/07zF8MjQPsiYUXiAIGZ5TA,99
325,Chixtape 5 - Tory Lanez,0UXwwVDipbBQeEX7h4YuKU,r&b,urban contemporary,https://open.spotify.com/playlist/0UXwwVDipbBQeEX7h4YuKU,99
326,urban contemporary,7en9i0JMyJlRFX4r4XrXXx,r&b,urban contemporary,https://open.spotify.com/playlist/7en9i0JMyJlRFX4r4XrXXx,99
327,Urban contemporary,1ZlL3IQS8eB0s0RMxz02yD,r&b,urban contemporary,https://open.spotify.com/playlist/1ZlL3IQS8eB0s0RMxz02yD,99
328,Urban contemporary,0qOJuaqHeg4u1i6gjPKnxE,r&b,urban contemporary,https://open.spotify.com/playlist/0qOJuaqHeg4u1i6gjPKnxE,99
329,PROJECT: Contemporary,6HaCi9bqaiuSZEDfCEmwyo,r&b,urban contemporary,https://open.spotify.com/playlist/6HaCi9bqaiuSZEDfCEmwyo,99
330,Urban/Trap - Contemporary RAP,5CK0fshHcik1vWyeCc0zat,r&b,urban contemporary,https://open.spotify.com/playlist/5CK0fshHcik1vWyeCc0zat,99
331,urban contemporary,4WiB26kw0INKwbzfb5M6Tv,r&b,urban contemporary,https://open.spotify.com/playlist/4WiB26kw0INKwbzfb5M6Tv,99
332,urban CONTEMPORARY,1nFfDHtp8RY3obgen8KODl,r&b,urban contemporary,https://open.spotify.com/playlist/1nFfDHtp8RY3obgen8KODl,99
333,Gospel,0pItJZBDZFvgAOdFnSITnJ,r&b,urban contemporary,https://open.spotify.com/playlist/0pItJZBDZFvgAOdFnSITnJ,99
334,Urban Contemporary,4425cRh83Uzor4qCRfM9lb,r&b,urban contemporary,https://open.spotify.com/playlist/4425cRh83Uzor4qCRfM9lb,99
335,Cuban vibes only,6VWXakL2ojgiVC01I271e2,r&b,urban contemporary,https://open.spotify.com/playlist/6VWXakL2ojgiVC01I271e2,99
336,The 1950s/1960s/1970s/1980s/1990s/2000s/2010s with pop/r&b/soul/boogie/dance/jazz/hip hop/hop/rap.,1S7BckuYIkEazeNKOSM0uA,r&b,urban contemporary,https://open.spotify.com/playlist/1S7BckuYIkEazeNKOSM0uA,99
337,Brisa Pop,37i9dQZF1DX2vsux22VuNL,r&b,hip pop,https://open.spotify.com/playlist/37i9dQZF1DX2vsux22VuNL,99
338,Pop Hits 2020,5TDtuKDbOhrfW7C58XnriZ,r&b,hip pop,https://open.spotify.com/playlist/5TDtuKDbOhrfW7C58XnriZ,99
339,Ultimate Indie Presents... Best Tracks of 2019,37i9dQZF1DWTc5QDlvD7t0,r&b,hip pop,https://open.spotify.com/playlist/37i9dQZF1DWTc5QDlvD7t0,99
340,Feeling Accomplished,37i9dQZF1DWTDafB3skWPN,r&b,hip pop,https://open.spotify.com/playlist/37i9dQZF1DWTDafB3skWPN,99
341,Pop / Hip-Hop: Gas ‚õΩÔ∏è,7ccXu2NL5YPa7PVgnQxR1j,r&b,hip pop,https://open.spotify.com/playlist/7ccXu2NL5YPa7PVgnQxR1j,99
342,Charts 2020 üî•Top 2020üî•Hits 2020üî•Summer 2020üî•Pop 2020üî•Popular Musicüî•Clean Pop 2020üî•Sing Alongs,3xMQTDLOIGvj3lWH5e5x6F,r&b,hip pop,https://open.spotify.com/playlist/3xMQTDLOIGvj3lWH5e5x6F,99
343,Girl On Fire,37i9dQZF1DX4F2k37fMTyn,r&b,hip pop,https://open.spotify.com/playlist/37i9dQZF1DX4F2k37fMTyn,99
344,Hip pop,1Sc7bobknESH7SXQcnmoX5,r&b,hip pop,https://open.spotify.com/playlist/1Sc7bobknESH7SXQcnmoX5,99
345,Nidza Bleja - English HIP HOP/POP Songs,5XQopnmKZnE6RjR6NIzbPS,r&b,hip pop,https://open.spotify.com/playlist/5XQopnmKZnE6RjR6NIzbPS,99
346,90s/00s Hip Hop & RnB,0Ar0Ng9DlAWZtSPBvOQgOa,r&b,hip pop,https://open.spotify.com/playlist/0Ar0Ng9DlAWZtSPBvOQgOa,99
347,TOP 50 GLOBAL 2020 UPDATED WEEKLY üåçüé∂ WORLDWIDE,2CJsD3fcYJWcliEKnwmovU,r&b,hip pop,https://open.spotify.com/playlist/2CJsD3fcYJWcliEKnwmovU,99
348,Hip Pop 2019,3tmx4p5RGlOV1AapXOt1Ze,r&b,hip pop,https://open.spotify.com/playlist/3tmx4p5RGlOV1AapXOt1Ze,99
349,Bluegrass Covers,37i9dQZF1DX56crgoe4TG3,r&b,hip pop,https://open.spotify.com/playlist/37i9dQZF1DX56crgoe4TG3,99
350,"Latest Hits 2020 - Pop, Hip Hop & RnB",7FqZlaYKkQmVnguJbHuj2a,r&b,hip pop,https://open.spotify.com/playlist/7FqZlaYKkQmVnguJbHuj2a,99
351,Musica Italiana 2020 - Playlist Pop & Hip-Hop (Canzoni Italiane 2020),6kVFIQBhLT4003iw2WWEv1,r&b,hip pop,https://open.spotify.com/playlist/6kVFIQBhLT4003iw2WWEv1,99
352,Today's Hits (Clean),7ENISpOJhocpMJVcGb0qcT,r&b,hip pop,https://open.spotify.com/playlist/7ENISpOJhocpMJVcGb0qcT,99
353,Smooth Hip Hop,7ozFIvz1bE1HPgQTUl5qfT,r&b,hip pop,https://open.spotify.com/playlist/7ozFIvz1bE1HPgQTUl5qfT,99
354,Fresh Essentials,4RFszTXlSMZFgpqIJS3754,r&b,hip pop,https://open.spotify.com/playlist/4RFszTXlSMZFgpqIJS3754,99
355,New Jack Swing,3ykXidKLz1eYPvuGoFlD1e,r&b,new jack swing,https://open.spotify.com/playlist/3ykXidKLz1eYPvuGoFlD1e,99
356,New Jack Swing - 90s R&B fused w Hip Hop,79xd4wnVuKZK4rJMsL2wPa,r&b,new jack swing,https://open.spotify.com/playlist/79xd4wnVuKZK4rJMsL2wPa,99
357,New Jack Swing/ R&B Hits: 1987 - 2002,4sji14lrB5bgcr51lPALYH,r&b,new jack swing,https://open.spotify.com/playlist/4sji14lrB5bgcr51lPALYH,99
358,90's NEW JACK SWING,0dmInkymNnOTWvEFamSNzb,r&b,new jack swing,https://open.spotify.com/playlist/0dmInkymNnOTWvEFamSNzb,99
359,"Swingbeat (old skool), New Jack Swing, R&B, Hip Hop, Urban",3krpccUV68nBGAQbvHEZDC,r&b,new jack swing,https://open.spotify.com/playlist/3krpccUV68nBGAQbvHEZDC,99
360,New Jack City,6RLvj5OnEuPzI1P02KwnzK,r&b,new jack swing,https://open.spotify.com/playlist/6RLvj5OnEuPzI1P02KwnzK,99
361,90s R&B - The BET Planet Groove/Midnight Love Mix,7LjRWGUdOmBdPG1W1bga4i,r&b,new jack swing,https://open.spotify.com/playlist/7LjRWGUdOmBdPG1W1bga4i,99
362,New Jack Swing | The Best üëå,3m4z6komWDtKly3Q1FvFmN,r&b,new jack swing,https://open.spotify.com/playlist/3m4z6komWDtKly3Q1FvFmN,99
363,Ultimate Throwbacks Collection,1dsaMvnC1hXPCNGC4aVtjj,r&b,new jack swing,https://open.spotify.com/playlist/1dsaMvnC1hXPCNGC4aVtjj,99
364,"Back in the day - R&B, New Jack Swing, Swingbeat, RNB..etc.",3a9y4eeCJRmG9p4YKfqYIx,r&b,new jack swing,https://open.spotify.com/playlist/3a9y4eeCJRmG9p4YKfqYIx,99
365,New Jack Swing,4nX6BscFtR1CozSCfv2cuR,r&b,new jack swing,https://open.spotify.com/playlist/4nX6BscFtR1CozSCfv2cuR,99
366,CSR 103:9 (GTA: SA),4sr2xEhXQR5VuZ0LZX8TQ8,r&b,new jack swing,https://open.spotify.com/playlist/4sr2xEhXQR5VuZ0LZX8TQ8,99
367,Best of New Jack Swing,63Y9Sk7Twusm6ZNssHxKaa,r&b,new jack swing,https://open.spotify.com/playlist/63Y9Sk7Twusm6ZNssHxKaa,99
368,New Jack Swing -late 80's & early 90's Hip Hop and R&B,30z5uGyqurJn0NtkZ9e8BT,r&b,new jack swing,https://open.spotify.com/playlist/30z5uGyqurJn0NtkZ9e8BT,99
369,The Sound of New Jack Swing,0zn8nuASKC0PISqD9mxCSV,r&b,new jack swing,https://open.spotify.com/playlist/0zn8nuASKC0PISqD9mxCSV,99
370,The New (Jack Swing) Testament,4mciQwEuqaUMwIWKcDMFW0,r&b,new jack swing,https://open.spotify.com/playlist/4mciQwEuqaUMwIWKcDMFW0,99
371,80s-90s R&B / New Jack Swing / Funk / Dance / Soul,3X4HmijjKdwwLonCrOOEAZ,r&b,new jack swing,https://open.spotify.com/playlist/3X4HmijjKdwwLonCrOOEAZ,99
372,Kenny B's Ultimate New Jack Swing Mix,7bdhfXlbfml9CuNn5c7372,r&b,new jack swing,https://open.spotify.com/playlist/7bdhfXlbfml9CuNn5c7372,99
373,R&B 80's/90's/00's,2Ey63yNQeC9Yto7JwX9BGJ,r&b,new jack swing,https://open.spotify.com/playlist/2Ey63yNQeC9Yto7JwX9BGJ,99
374,1987-1997 OLD SKOOL JAMZ,0WicovBbxeB0nvQC6IfuaT,r&b,new jack swing,https://open.spotify.com/playlist/0WicovBbxeB0nvQC6IfuaT,99
375,I Love My Neo-Soul,37i9dQZF1DX44dZ4p5QLf4,r&b,neo soul,https://open.spotify.com/playlist/37i9dQZF1DX44dZ4p5QLf4,99
376,Neo Soul Music,78RRvktrPMSqAoCI21mNOe,r&b,neo soul,https://open.spotify.com/playlist/78RRvktrPMSqAoCI21mNOe,99
377,Neo-Soul,1eqVgsNjaX6mxDPoefhocT,r&b,neo soul,https://open.spotify.com/playlist/1eqVgsNjaX6mxDPoefhocT,99
378,Neo-Soul Guitar,0aS9YCNTNrDiMNa9tT49RG,r&b,neo soul,https://open.spotify.com/playlist/0aS9YCNTNrDiMNa9tT49RG,99
379,NEO SOUL GUITAR,0r5ojPhjqGVq21oQR13UJy,r&b,neo soul,https://open.spotify.com/playlist/0r5ojPhjqGVq21oQR13UJy,99
380,Neo Soul / Modern Jazz / Smooth Hiphop,07SNJ4MwYba9wwmzrbjmYi,r&b,neo soul,https://open.spotify.com/playlist/07SNJ4MwYba9wwmzrbjmYi,99
381,NEO-soul,3q3M4VCymcMoxJ3Tl7mRqN,r&b,neo soul,https://open.spotify.com/playlist/3q3M4VCymcMoxJ3Tl7mRqN,99
382,Groovy // Funky // Neo-Soul,0JmBB9HfrzDiZoPVRdv8ns,r&b,neo soul,https://open.spotify.com/playlist/0JmBB9HfrzDiZoPVRdv8ns,99
383,Christmas Soul,6FZYc2BvF7tColxO8PBShV,r&b,neo soul,https://open.spotify.com/playlist/6FZYc2BvF7tColxO8PBShV,99
384,Neo-Soul / Soulful R&B,4F3xAxHxeBwXhK6k6GPnrW,r&b,neo soul,https://open.spotify.com/playlist/4F3xAxHxeBwXhK6k6GPnrW,99
385,Neo Soul 2019,44d7ppo4cggZJmzH2WOhAc,r&b,neo soul,https://open.spotify.com/playlist/44d7ppo4cggZJmzH2WOhAc,99
386,NEO FUNK AND SOUL,2WbTrS5D0V2TW6DiDkJBru,r&b,neo soul,https://open.spotify.com/playlist/2WbTrS5D0V2TW6DiDkJBru,99
387,Neo Soul,2YPP7fiYu5pIcp2yyHvw4A,r&b,neo soul,https://open.spotify.com/playlist/2YPP7fiYu5pIcp2yyHvw4A,99
388,Saxophone in Hip Hop - R&B Lounge - Jazz Rap,2ujrP2rPxu8ao7wNeG1ZOY,r&b,neo soul,https://open.spotify.com/playlist/2ujrP2rPxu8ao7wNeG1ZOY,99
389,Japanese Funk/Soul/NEO/Jazz/Acid,4zNayWuATXCAA9gaXvnFnq,r&b,neo soul,https://open.spotify.com/playlist/4zNayWuATXCAA9gaXvnFnq,99
390,Neo-Jazz Soul RnB & Afro,48AzM7l4M02DBYd2N3IFLP,r&b,neo soul,https://open.spotify.com/playlist/48AzM7l4M02DBYd2N3IFLP,99
391,Gospel Neo Soul,2wP2UAYC4Nqb6oUXkMJlAz,r&b,neo soul,https://open.spotify.com/playlist/2wP2UAYC4Nqb6oUXkMJlAz,99
392,Soul Coffee (The Best Neo-Soul Mixtape ever),16iNEskDatG5KbDV16F6LR,r&b,neo soul,https://open.spotify.com/playlist/16iNEskDatG5KbDV16F6LR,99
393,Neo-Soul Essentials,0DIwi1dMI59NItQtiNcevy,r&b,neo soul,https://open.spotify.com/playlist/0DIwi1dMI59NItQtiNcevy,99
394,Sexy Soul 2020,5EMARioe9z9eKOeWIAC2JW,r&b,neo soul,https://open.spotify.com/playlist/5EMARioe9z9eKOeWIAC2JW,99
395,Electro House 2020,317O0e8iWJLClLGDKtieRe,edm,electro house,https://open.spotify.com/playlist/317O0e8iWJLClLGDKtieRe,1
396,Electro House Top Tracks,1G0q0NK7g3C0XerNqq7GbL,edm,electro house,https://open.spotify.com/playlist/1G0q0NK7g3C0XerNqq7GbL,1
397,Nasty Bits,37i9dQZF1DX2VvACCrgjrt,edm,electro house,https://open.spotify.com/playlist/37i9dQZF1DX2VvACCrgjrt,1
398,Electro Pos√© - Discoveries,6nZaTh6K1SwhdELFTmA99C,edm,electro house,https://open.spotify.com/playlist/6nZaTh6K1SwhdELFTmA99C,1
399,Techno House 2020 üëΩ Best Collection üëª Top DJ‚Äôs Electronic Music - Deep House - Trance - Tech House - Dance - Electro Pop,3QEYvCsVXZj8KuzE0bDmcI,edm,electro house,https://open.spotify.com/playlist/3QEYvCsVXZj8KuzE0bDmcI,1
400,EDM 2020 House & Dance,25ButZrVb1Zj1MJioMs09D,edm,electro house,https://open.spotify.com/playlist/25ButZrVb1Zj1MJioMs09D,1
401,Electro Vibes,0wHHL0TLztL3muzXLCDTQP,edm,electro house,https://open.spotify.com/playlist/0wHHL0TLztL3muzXLCDTQP,1
402,Electro Swing Top 100,5M7xLCQTYJL0lbKIrUn3a4,edm,electro house,https://open.spotify.com/playlist/5M7xLCQTYJL0lbKIrUn3a4,1
403,Electro Swing,3Dr4NKbsFQ2m7tmPxGRroO,edm,electro house,https://open.spotify.com/playlist/3Dr4NKbsFQ2m7tmPxGRroO,1
404,Electro House,6k45gxiQhfVqACfIdqONsC,edm,electro house,https://open.spotify.com/playlist/6k45gxiQhfVqACfIdqONsC,1
405,ELECTRO HOUSE 2020,1N5dPU0Ca9N9AwBbUeyzX5,edm,electro house,https://open.spotify.com/playlist/1N5dPU0Ca9N9AwBbUeyzX5,1
406,New House   ‚Äç,54XvQQsViMBwjO1ws2o2wx,edm,electro house,https://open.spotify.com/playlist/54XvQQsViMBwjO1ws2o2wx,1
407,Jeff Seid Electro House,2Tisn6NZbeofpc57Oc6MGo,edm,electro house,https://open.spotify.com/playlist/2Tisn6NZbeofpc57Oc6MGo,1
408,Crossfit‚Äè‚Äè‚Äã‚Äã   ‚Äç,5GiPRvTccToqwOzkoAcDrY,edm,electro house,https://open.spotify.com/playlist/5GiPRvTccToqwOzkoAcDrY,1
409,Electro House - by Spinnin' Records,4pVZ70y8vzzkn2GVwQbQw8,edm,electro house,https://open.spotify.com/playlist/4pVZ70y8vzzkn2GVwQbQw8,1
410,üíäELECTRO-HOUSE-TECHüíä,0AFYmoSuoMQiGGjzvBwr6u,edm,electro house,https://open.spotify.com/playlist/0AFYmoSuoMQiGGjzvBwr6u,1
411,Fitness Workout Electro | House | Dance | Progressive House,6KnQDwp0syvhfHOR4lWP7x,edm,electro house,https://open.spotify.com/playlist/6KnQDwp0syvhfHOR4lWP7x,1
412,Club Mix 2020 üçπ,7sq6nuruoMyDhEWkX2oYOg,edm,electro house,https://open.spotify.com/playlist/7sq6nuruoMyDhEWkX2oYOg,1
413,House Electro 2019,72r6odw0Q3OWTCYMGA7Yiy,edm,electro house,https://open.spotify.com/playlist/72r6odw0Q3OWTCYMGA7Yiy,1
414,üîäBASSBOOSTEDüîä‚ö°ELECTRO HOUSE‚ö°üî•EDM CAR MUSIC2018/2019üî•,4GSiiL8tcMgvoV7K1IADb8,edm,electro house,https://open.spotify.com/playlist/4GSiiL8tcMgvoV7K1IADb8,1
415,Big Room EDM,3S03NWbWkrR1e7DPH9rf9Z,edm,big room,https://open.spotify.com/playlist/3S03NWbWkrR1e7DPH9rf9Z,1
416,Big Room Beast,3PNyCpkY7NAXyhopBpj7vc,edm,big room,https://open.spotify.com/playlist/3PNyCpkY7NAXyhopBpj7vc,1
417,Big Room House | Festival Bangers,5Bx5niVgi3qGQQw06C0RKq,edm,big room,https://open.spotify.com/playlist/5Bx5niVgi3qGQQw06C0RKq,1
418,PAROOKAVILLE - Big Room,6vbHQdtfmexb0ptmBSpemm,edm,big room,https://open.spotify.com/playlist/6vbHQdtfmexb0ptmBSpemm,1
419,Big Room House / Bigroom,2EnVd4ugXUybVQoQrarICY,edm,big room,https://open.spotify.com/playlist/2EnVd4ugXUybVQoQrarICY,1
420,Big Room EDM - by Spinnin' Records,7xWdFCrU5Gka6qp1ODrSdK,edm,big room,https://open.spotify.com/playlist/7xWdFCrU5Gka6qp1ODrSdK,1
421,BIG-ROOM NEVER DIES !,4QtO2XySphMOJt7pX0yaVi,edm,big room,https://open.spotify.com/playlist/4QtO2XySphMOJt7pX0yaVi,1
422,Dancefloor Beats,6mMk6QCzEgT3QGaCV1R4S5,edm,big room,https://open.spotify.com/playlist/6mMk6QCzEgT3QGaCV1R4S5,1
423,Bounce United,08QTrfsYYouffgnPjmllAQ,edm,big room,https://open.spotify.com/playlist/08QTrfsYYouffgnPjmllAQ,1
424,Locker Room,37i9dQZF1DX8SaiEt4OVJw,edm,big room,https://open.spotify.com/playlist/37i9dQZF1DX8SaiEt4OVJw,1
425,Sick Big Room House Drops | EZUMI,4R4c3WdN1Any2Q1NSuec3r,edm,big room,https://open.spotify.com/playlist/4R4c3WdN1Any2Q1NSuec3r,1
426,big boom room ‚Äî TOMORROWLAND EDC EDM BIG ROOM AMF ADE DANCE TRANCE HARDWELL TIESTO,2oalsaFUockoPf1DU3wrL8,edm,big room,https://open.spotify.com/playlist/2oalsaFUockoPf1DU3wrL8,1
427,Trance Party 2019 by FUTURE TRANCE,2yofeyPwe0ZNmJHTrGz2Qt,edm,big room,https://open.spotify.com/playlist/2yofeyPwe0ZNmJHTrGz2Qt,1
428,SINULOG Festival 2020,0COM4nZqdXC3sMjVdcaU7V,edm,big room,https://open.spotify.com/playlist/0COM4nZqdXC3sMjVdcaU7V,1
429,[EAS]: Festival Big Room,71UHE27ayQs8ZDxQwY0cY1,edm,big room,https://open.spotify.com/playlist/71UHE27ayQs8ZDxQwY0cY1,1
430,Big White Room-Jessie-J,5FhhmunkvwTAsGaiXpRHkJ,edm,big room,https://open.spotify.com/playlist/5FhhmunkvwTAsGaiXpRHkJ,1
431,Big Room House,7vJOXFe40axY7qS39vGDyH,edm,big room,https://open.spotify.com/playlist/7vJOXFe40axY7qS39vGDyH,1
432,ALPAS Music Festival,6pPpLz42hUkr8gbMirkAEl,edm,big room,https://open.spotify.com/playlist/6pPpLz42hUkr8gbMirkAEl,1
433,Epic Bass Drops,49EXQVXh5k1t8SOhmUeyU7,edm,big room,https://open.spotify.com/playlist/49EXQVXh5k1t8SOhmUeyU7,1
434,Big Room 2019,6SrHyxIxWfQx9ISEr6yowk,edm,big room,https://open.spotify.com/playlist/6SrHyxIxWfQx9ISEr6yowk,1
435,@deniceemoberg EDM - POP REMIXES,2fbrY1tuoW8Uji14H7623k,edm,pop edm,https://open.spotify.com/playlist/2fbrY1tuoW8Uji14H7623k,1
436,EDM House & Dance,5CTzufLc0f6MufjKYrIaoO,edm,pop edm,https://open.spotify.com/playlist/5CTzufLc0f6MufjKYrIaoO,1
437,Pop EDM Remixes,4aUEH3uhbofktrFkXOOaKj,edm,pop edm,https://open.spotify.com/playlist/4aUEH3uhbofktrFkXOOaKj,1
438,EDM 2019,1T0ed6Mg0QIruHvcoWWIKy,edm,pop edm,https://open.spotify.com/playlist/1T0ed6Mg0QIruHvcoWWIKy,1
439,Waves Pop and EDM,64k01l4j6QtnZ8jMaI84AA,edm,pop edm,https://open.spotify.com/playlist/64k01l4j6QtnZ8jMaI84AA,1
440,Pop Hits 2000-2019,6mtYuOxzl58vSGnEDtZ9uB,edm,pop edm,https://open.spotify.com/playlist/6mtYuOxzl58vSGnEDtZ9uB,1
441,EDM - pop remixes,0cvVad4XizGbOS0vlwZYS5,edm,pop edm,https://open.spotify.com/playlist/0cvVad4XizGbOS0vlwZYS5,1
442,Ver√£o 2020 | Pop | Funk | Sertanejo | EDM | Top Hits 2019 - As Mais Tocadas,5HmZtuuIDMtIy21kylqhx6,edm,pop edm,https://open.spotify.com/playlist/5HmZtuuIDMtIy21kylqhx6,1
443,2010 - 2011 - 2012 - 2013 - 2014 - 2015 - 2016 - 2017 - 2018 - 2019 - 2020 TOP HITS,2DjIfVDXGYDgRxw7IJTKVb,edm,pop edm,https://open.spotify.com/playlist/2DjIfVDXGYDgRxw7IJTKVb,1
444,K-Crazy Michioso Tunes,37i9dQZF1DWUXxc8Mc6MmJ,edm,pop edm,https://open.spotify.com/playlist/37i9dQZF1DWUXxc8Mc6MmJ,1
445,EDM Trap,7CEEEMKV41x0RlFCXWdvKF,edm,pop edm,https://open.spotify.com/playlist/7CEEEMKV41x0RlFCXWdvKF,1
446,2015 songs,6UJw1egIcZVfrBmcKs5uHH,edm,pop edm,https://open.spotify.com/playlist/6UJw1egIcZVfrBmcKs5uHH,1
447,Pop EDM,5EgzhnSirHRvu1AqlFLllv,edm,pop edm,https://open.spotify.com/playlist/5EgzhnSirHRvu1AqlFLllv,1
448,Tastemakers Ball  -  EDM - POP and FUN,67cpuBAXjwibm3LG333Oaq,edm,pop edm,https://open.spotify.com/playlist/67cpuBAXjwibm3LG333Oaq,1
449,EDM Pop,2d3oOPO0csDU40JyiGwFaF,edm,pop edm,https://open.spotify.com/playlist/2d3oOPO0csDU40JyiGwFaF,1
450,Happy EDM,3d2JFEbvcx7p2CHkBaQeMZ,edm,pop edm,https://open.spotify.com/playlist/3d2JFEbvcx7p2CHkBaQeMZ,1
451,EDM/POP,6gHk5RFrnALbDNJdaXKivi,edm,pop edm,https://open.spotify.com/playlist/6gHk5RFrnALbDNJdaXKivi,1
452,Selected House,2JPzPB9jnvJLAYtmCbvZy8,edm,progressive electro house,https://open.spotify.com/playlist/2JPzPB9jnvJLAYtmCbvZy8,1
453,Deep Electronic Music 2020 & Progressive House,5CMvAWTlDPdZnkleiTHyyo,edm,progressive electro house,https://open.spotify.com/playlist/5CMvAWTlDPdZnkleiTHyyo,1
454,Female Vocal EDM,5QaPRbVgbEcCc9jC1UxgD1,edm,progressive electro house,https://open.spotify.com/playlist/5QaPRbVgbEcCc9jC1UxgD1,1
455,Vocal House,5PCAWKfUWAUj8VeY8G7xRQ,edm,progressive electro house,https://open.spotify.com/playlist/5PCAWKfUWAUj8VeY8G7xRQ,1
456,Hands Up‚Äè‚Äè‚Äã‚Äã   ‚Äç,1lSdljPk8zcAdXVMUduDia,edm,progressive electro house,https://open.spotify.com/playlist/1lSdljPk8zcAdXVMUduDia,1
457,House/Electro/Progressive/Disco/Lofi/Synthwave,42jbIN5Zj0UUPdtmqxQRKF,edm,progressive electro house,https://open.spotify.com/playlist/42jbIN5Zj0UUPdtmqxQRKF,1
458,Alex Workout,7fRlDx99wBg6i45OCvxwKY,edm,progressive electro house,https://open.spotify.com/playlist/7fRlDx99wBg6i45OCvxwKY,1
459,2011-2014 House,53Ga3Xt9fumdJfhNNSBvzU,edm,progressive electro house,https://open.spotify.com/playlist/53Ga3Xt9fumdJfhNNSBvzU,1
460,Electro/Progressive/Club House,1HtnPDj2V126xB9tJP786P,edm,progressive electro house,https://open.spotify.com/playlist/1HtnPDj2V126xB9tJP786P,1
461,CHRISTIAN ELECTRO / DANCE / EDM,0MhTMIo1bgH6zzPh7BdChT,edm,progressive electro house,https://open.spotify.com/playlist/0MhTMIo1bgH6zzPh7BdChT,1
462,Epic Bass Drops | Best House Mixes,4IS7o1utOzhimFEFnj9gmu,edm,progressive electro house,https://open.spotify.com/playlist/4IS7o1utOzhimFEFnj9gmu,1
463,Brand New EDM,2dNitDEHM9FpUGEHWc7zyW,edm,progressive electro house,https://open.spotify.com/playlist/2dNitDEHM9FpUGEHWc7zyW,1
464,"Electr√≥nica, Progressive House, Electro House y m√°s üéß",0o5gKmuET7F3lQnpFxvPO8,edm,progressive electro house,https://open.spotify.com/playlist/0o5gKmuET7F3lQnpFxvPO8,1
465,Gym (Melbourne Bounce/Progressive House),5BqOZpVEqRDfZScvW1QUyA,edm,progressive electro house,https://open.spotify.com/playlist/5BqOZpVEqRDfZScvW1QUyA,1
466,Fresh EDM | Progressive House | Electro House | Trap | Deep House | Electronic | Future House/Bass,0FCHg9zJMNNiOokh3hVcxd,edm,progressive electro house,https://open.spotify.com/playlist/0FCHg9zJMNNiOokh3hVcxd,1
467,"Festival Music 2019 - Warm Up Music (EDM, Big Room & Progressive House)",73uj4YmsC7SJ6SbUMTvf07,edm,progressive electro house,https://open.spotify.com/playlist/73uj4YmsC7SJ6SbUMTvf07,1
468,Underground Party | Hypnotic | Minimal | Acid | Big Room | Tech | Liquid,29jj7pQlDqnWclbHQk21Rq,edm,progressive electro house,https://open.spotify.com/playlist/29jj7pQlDqnWclbHQk21Rq,1
469,Trending EDM by Nik Cooper,4N1ipiKR3xla8UXtE12XBm,edm,progressive electro house,https://open.spotify.com/playlist/4N1ipiKR3xla8UXtE12XBm,1
470,‚ô• EDM LOVE 2020,6jI1gFr6ANFtT8MmTvA2Ux,edm,progressive electro house,https://open.spotify.com/playlist/6jI1gFr6ANFtT8MmTvA2Ux,1
471,Classical Essentials,37i9dQZF1DWWEJlAGA9gs0,Classical & Historical,Classical & Historical,https://open.spotify.com/playlist/37i9dQZF1DWWEJlAGA9gs0,0
472,Fresh Classical 2025,37i9dQZF1DWUN2ernEEdZ0,Classical & Historical,Classical & Historical,https://open.spotify.com/playlist/37i9dQZF1DWUN2ernEEdZ0,0
473,Classical in the Backgrouynd,37i9dQZF1DWTi57LiHYTmH,Classical & Historical,Classical & Historical,https://open.spotify.com/playlist/37i9dQZF1DWTi57LiHYTmH,0
474,1920s Music,0m9D70qre0B18R5bYu1sir,Classical & Historical,Classical & Historical,https://open.spotify.com/playlist/0m9D70qre0B18R5bYu1sir,0
475,musica a√±os 20-30,5s4TMbyKnmoDbaBHwAgWvM,Classical & Historical,Classical & Historical,https://open.spotify.com/playlist/5s4TMbyKnmoDbaBHwAgWvM,0
476,Folk Pop ‚òÄÔ∏è 2025 ‚òÄÔ∏è,3dRiaweTVfeDOeSQaqqQPi,Folk,Folk,https://open.spotify.com/playlist/3dRiaweTVfeDOeSQaqqQPi,2
477,Folk Songs Greatest Hits,1WXXO8g0zyY9f2OIRsL96X,Folk,Folk,https://open.spotify.com/playlist/1WXXO8g0zyY9f2OIRsL96X,2
478,Fresh Folk,37i9dQZF1DXaUDcU6KDCj4,Folk,Folk,https://open.spotify.com/playlist/37i9dQZF1DXaUDcU6KDCj4,2
479,Country Pop 2025 - Folk Pop - Country songs - Country Hits 2025,0GdnLd4R7QKOWqBgJszCsf,Folk,Folk,https://open.spotify.com/playlist/0GdnLd4R7QKOWqBgJszCsf,2
480,Sad Folk,37i9dQZF1DWV1bxlagjEmb,Folk,Folk,https://open.spotify.com/playlist/37i9dQZF1DWV1bxlagjEmb,2
